time,growth,interaction,celltype
0.0,-0.059043884,0.732943,tlNBL
0.0,0.06867982,0.48598132,CMPN
0.0,0.021775812,0.24592844,wntEGC
0.0,-0.0024479888,0.24592844,tlNBL
0.0,-0.039573323,0.24592844,mpEX
0.0,-0.06365477,0.24592844,wntEGC
0.0,-0.0006008763,0.24592844,wntEGC
0.0,-0.017488092,0.79691476,obNBL
0.0,-0.060202442,1.1647297,scgnIN
0.0,-0.05732543,0.31958035,mpEX
0.0,-0.076599844,0.24592844,VLMC
0.0,-0.003681236,0.43902186,CMPN
0.0,-0.0237958,0.78542584,obNBL
0.0,0.0026644673,0.24592844,wntEGC
0.0,-0.004847545,0.24592844,MSN
0.0,-0.004667471,0.24592844,dpEX
0.0,-0.07707719,0.24592844,sstIN
0.0,-0.109256715,0.3534848,mpEX
0.0,0.072316274,0.24592844,CMPN
0.0,0.038081937,0.45428413,CMPN
0.0,0.009202402,0.24592844,VLMC
0.0,0.00028652512,0.24592844,nptxEX
0.0,-0.05891699,0.6384833,VLMC
0.0,-0.044561945,1.1620584,obNBL
0.0,-0.0068087215,0.24592844,ribEGC
0.0,-0.049462765,0.92416877,scgnIN
0.0,0.025534566,0.24592844,wntEGC
0.0,-0.08941353,0.24592844,wntEGC
0.0,-0.029171437,0.6836265,scgnIN
0.0,-0.04224071,0.24592844,reaEGC
0.0,0.030286122,0.38139686,dpEX
0.0,-0.06581441,0.8383727,scgnIN
0.0,0.059895046,0.76426935,obNBL
0.0,-0.10571952,0.24592844,mpEX
0.0,0.014128916,0.24592844,sfrpEGC
0.0,-0.010072701,0.24592844,wntEGC
0.0,-0.0075715333,0.24592844,VLMC
0.0,-0.14144143,1.0213889,scgnIN
0.0,-0.08578621,1.5942793,VLMC
0.0,-0.030151192,0.24592844,wntEGC
0.0,-0.0024545118,0.46472827,sstIN
0.0,-0.03414183,0.7363489,obNBL
0.0,-0.011865447,0.8889019,tlNBL
0.0,-0.056981586,0.24592844,MSN
0.0,-0.051080484,1.0272812,Oligo
0.0,0.016114641,0.24592844,dpEX
0.0,0.11843456,0.43050727,CMPN
0.0,-0.009467569,0.39760008,tlNBL
0.0,-0.033369966,0.24592844,WSN
0.0,-0.082107835,0.24592844,mpEX
0.0,-0.01727625,0.80235124,obNBL
0.0,0.014853042,0.24592844,nptxEX
0.0,-0.03206782,0.24592844,CMPN
0.0,-0.0997041,1.0033795,scgnIN
0.0,-0.03830789,0.24592844,MSN
0.0,0.026563356,0.30853093,mpEX
0.0,0.00484892,0.24592844,CMPN
0.0,0.0066186152,0.24592844,CMPN
0.0,-0.04643192,0.32771072,CMPN
0.0,-0.029135395,0.390234,dpEX
0.0,-0.019208988,0.42707175,CMPN
0.0,-0.083302885,1.1927483,MSN
0.0,0.06391878,0.4891288,VLMC
0.0,0.007930832,0.24592844,scgnIN
0.0,-0.010656904,0.24592844,sstIN
0.0,-0.057502814,0.24592844,MSN
0.0,-0.086459294,0.24592844,mpEX
0.0,0.010275824,0.24592844,VLMC
0.0,-0.013880635,0.31370834,nptxEX
0.0,-0.034194954,0.2767172,sstIN
0.0,-0.05454221,0.38625357,nptxEX
0.0,-0.036536295,0.75907624,obNBL
0.0,0.022788487,2.1503172,VLMC
0.0,-0.021607665,0.24592844,dpEX
0.0,-0.05156534,0.6277992,dpEX
0.0,-0.013673,0.24592844,sfrpEGC
0.0,0.030124472,0.2980688,CMPN
0.0,-0.0048766937,0.35774112,sfrpEGC
0.0,0.026829628,0.60131615,CMPN
0.0,0.005943285,0.24592844,MCG
0.0,-0.07709944,0.24592844,scgnIN
0.0,-0.09086233,0.648267,obNBL
0.0,0.0440208,0.34248525,VLMC
0.0,-0.032562643,0.24592844,wntEGC
0.0,-0.0219305,0.7977972,obNBL
0.0,0.032735452,0.24592844,VLMC
0.0,-0.061922602,0.7396833,obNBL
0.0,-0.07154016,0.24592844,obNBL
0.0,0.02275233,0.24592844,nptxEX
0.0,-0.011308834,0.7249293,nptxEX
0.0,6.651878e-05,0.32216904,mpIN
0.0,-0.010672335,0.8407887,obNBL
0.0,0.0120902285,0.24592844,VLMC
0.0,-0.10516745,0.24592844,MSN
0.0,0.022850048,0.24592844,VLMC
0.0,0.027980916,0.24592844,nptxEX
0.0,0.016309854,0.24592844,WSN
0.0,0.11932172,0.24592844,CMPN
0.0,-0.024501609,0.91689104,scgnIN
0.0,0.016551295,0.24592844,scgnIN
0.0,0.10033677,0.37510994,tlNBL
0.0,-0.019262163,0.86286104,obNBL
0.0,-0.023995975,0.85962296,MSN
0.0,-0.110295124,0.24592844,MSN
0.0,-0.103752315,0.24592844,sstIN
0.0,0.054514073,1.9275858,CMPN
0.0,-0.037558697,1.3828356,nptxEX
0.0,-0.00892419,0.53627986,Oligo
0.0,0.014751094,0.24592844,VLMC
0.0,0.016861953,0.24592844,obNBL
0.0,0.028384965,0.24592844,CMPN
0.0,-0.11886786,0.24592844,VLMC
0.0,-0.04512159,0.3912206,mpIN
0.0,0.13156155,0.24592844,VLMC
0.0,0.010949617,0.24592844,tlNBL
0.0,-0.07417379,0.24592844,VLMC
0.0,-0.043888684,0.24592844,nptxEX
0.0,0.12789342,0.24592844,Oligo
0.0,0.0422562,0.24592844,tlNBL
0.0,0.015427101,1.686358,VLMC
0.0,-0.049298026,0.24592844,scgnIN
0.0,0.031492554,0.24592844,VLMC
0.0,-0.077002496,0.76564455,VLMC
0.0,-0.06973967,0.78000087,MSN
0.0,-0.06839368,1.182739,scgnIN
0.0,-0.033711486,0.8467362,MSN
0.0,-0.028845737,0.44443828,tlNBL
0.0,-0.08352015,0.92274696,tlNBL
0.0,0.07832469,0.24592844,VLMC
0.0,-0.017795667,0.86873263,tlNBL
0.0,-0.0776684,0.40964013,dpEX
0.0,-0.021651093,0.44162664,CMPN
0.0,-0.006552769,0.46068576,MSN
0.0,-0.058959357,0.24592844,VLMC
0.0,-0.062663786,1.2192801,scgnIN
0.0,-0.00445671,0.24592844,VLMC
0.0,-0.08344757,0.24592844,tlNBL
0.0,-0.049976766,0.71636707,tlNBL
0.0,-0.069569215,0.24592844,VLMC
0.0,-0.022095624,0.24592844,obNBL
0.0,-0.01039857,0.24592844,VLMC
0.0,0.018935997,0.24592844,VLMC
0.0,-0.0090685785,1.1330436,obNBL
0.0,0.047385648,0.24592844,MCG
0.0,-0.007070178,0.50297964,CMPN
0.0,0.03567887,0.5939228,obNBL
0.0,-0.031465255,0.24592844,VLMC
0.0,-0.11098358,1.1666156,scgnIN
0.0,0.030542428,0.24592844,tlNBL
0.0,-0.010504112,0.24592844,VLMC
0.0,-0.024491526,0.24592844,Oligo
0.0,-0.07352342,0.24592844,scgnIN
0.0,-0.024999816,0.24592844,CMPN
0.0,0.061556473,0.24592844,MCG
0.0,-0.018456042,1.0431241,VLMC
0.0,-0.11978165,0.8785339,scgnIN
0.0,-0.0053960644,0.54620284,CMPN
0.0,-0.0155262835,0.24592844,CMPN
0.0,-0.0310219,0.82512236,scgnIN
0.0,0.014371805,1.2706375,scgnIN
0.0,-0.017100265,0.24592844,wntEGC
0.0,-0.065695114,0.8649151,scgnIN
0.0,-0.0019634422,0.24592844,WSN
0.0,-0.055112764,0.3743595,mpEX
0.0,-0.089303985,0.67596877,obNBL
0.0,0.057239845,0.24592844,ribEGC
0.0,0.046870142,0.47498247,CMPN
0.0,0.07355491,0.24592844,ribEGC
0.0,0.04146321,0.38277367,nptxEX
0.0,0.020630328,0.24592844,wntEGC
0.0,-0.056877844,0.5869497,mpIN
0.0,-0.07885413,0.24592844,MSN
0.0,0.0429281,0.24592844,dpEX
0.0,-0.08715418,0.24592844,scgnIN
0.0,-0.010295849,0.24592844,VLMC
0.0,-0.002397459,0.24592844,VLMC
0.0,-0.064882584,0.91797996,VLMC
0.0,-0.048789427,0.51145226,MCG
0.0,0.008177336,0.24592844,WSN
0.0,0.010842504,0.24592844,wntEGC
0.0,-0.03551694,1.1190034,MSN
0.0,0.055407006,0.24592844,nptxEX
0.0,-0.08902019,1.2239293,CMPN
0.0,-0.026968852,0.6917175,obNBL
0.0,0.028479392,0.24592844,mpEX
0.0,-0.034102537,0.24592844,nptxEX
0.0,-0.084543124,0.24592844,sfrpEGC
0.0,-0.04417211,0.990384,VLMC
0.0,-0.0075958148,0.24592844,CMPN
0.0,-0.08212721,1.4208187,obNBL
0.0,0.029788584,0.5094012,CMPN
0.0,-0.13183364,0.24592844,mpIN
0.0,0.009721717,0.24592844,reaEGC
0.0,-0.09405496,0.24592844,scgnIN
0.0,-0.03305995,0.24592844,wntEGC
0.0,-0.07602963,0.24592844,dpEX
0.0,0.001353249,0.7622383,obNBL
0.0,-0.09763968,0.73730433,scgnIN
0.0,0.010143509,0.24592844,nptxEX
0.0,0.010263881,0.24592844,scgnIN
0.0,-0.030150078,0.24592844,tlNBL
0.0,0.05527921,0.24592844,Oligo
0.0,0.0069425805,0.24592844,dpEX
0.0,0.029669989,0.24592844,nptxEX
0.0,-0.032291215,0.24592844,VLMC
0.0,-0.096986294,0.24592844,dpEX
0.0,-0.1351163,0.3241508,dpEX
0.0,0.058923464,0.24592844,sfrpEGC
0.0,0.037627123,0.37031186,nptxEX
0.0,0.043614596,1.967084,VLMC
0.0,-0.0053956266,0.7278023,nptxEX
0.0,-0.14443365,0.9292577,scgnIN
0.0,0.01886359,0.3453112,CMPN
0.0,0.037402723,0.8594525,MSN
0.0,-0.011423444,0.46943697,nptxEX
0.0,0.043056257,0.32739094,CMPN
0.0,-0.10709796,0.7044045,scgnIN
0.0,-0.02747386,0.24592844,tlNBL
0.0,0.086237594,0.24592844,VLMC
0.0,-0.10111775,0.24592844,scgnIN
0.0,0.019695247,0.24592844,dpEX
0.0,-0.01899068,0.24592844,obNBL
0.0,-0.0675255,1.0658172,MSN
0.0,-0.071684435,0.52957386,scgnIN
0.0,-0.09857713,0.62028795,scgnIN
0.0,0.002058873,0.24592844,VLMC
0.0,0.015113749,0.39532027,nptxEX
0.0,0.012954863,1.2426709,VLMC
0.0,-0.03155393,0.24592844,VLMC
0.0,-0.088591754,0.9287916,MSN
0.0,-0.007687468,0.24592844,sfrpEGC
0.0,-0.0008194428,0.6681579,scgnIN
0.0,0.09373803,0.24592844,CMPN
0.0,-0.10361469,0.24592844,sstIN
0.0,0.089595616,0.5371381,scgnIN
0.0,-0.007894807,0.88078475,MSN
0.0,-0.068614826,1.2951084,obNBL
0.0,-0.004522523,1.3002511,VLMC
0.0,-0.09310248,0.24592844,MSN
0.0,0.033769518,0.71900403,obNBL
0.0,-0.08057532,0.5721011,obNBL
0.0,-0.10381178,0.24592844,VLMC
0.0,0.039005935,0.47977173,MSN
0.0,0.0010010477,0.24592844,dpEX
0.0,0.01042534,0.24592844,VLMC
0.0,-0.0074498216,0.24592844,reaEGC
0.0,-0.0758132,0.24592844,sstIN
0.0,-0.01760605,0.24592844,tlNBL
0.0,0.03321588,0.24592844,mpEX
0.0,0.03543834,0.42493334,nptxEX
0.0,-0.14536549,0.9333411,scgnIN
0.0,0.012664568,0.24592844,CMPN
0.0,0.033378225,0.24592844,sstIN
0.0,-0.09233475,0.24592844,VLMC
0.0,0.023704654,0.24592844,VLMC
0.0,-0.08874239,0.24592844,dpEX
0.0,-0.054253142,0.24592844,tlNBL
0.0,0.12825352,0.24592844,sfrpEGC
0.0,-0.048772,0.24592844,dpEX
0.0,-0.022149293,0.24592844,dpEX
0.0,-0.036447458,1.7328135,CMPN
0.0,0.018031815,0.9996662,MSN
0.0,0.021581735,0.24592844,mpIN
0.0,-0.027741782,2.1834667,MSN
0.0,-0.0015979521,0.84950787,obNBL
0.0,0.050896853,0.24592844,nptxEX
0.0,0.0074543953,0.24592844,sstIN
0.0,-0.09082998,0.24592844,mpEX
0.0,0.019645695,0.24592844,reaEGC
0.0,-0.048418023,0.81990194,scgnIN
0.0,-0.06783652,0.9118852,CMPN
0.0,0.0029807854,0.24592844,VLMC
0.0,-0.012809403,0.685071,obNBL
0.0,-0.051713035,0.6382385,nptxEX
0.0,0.04077129,0.24592844,sfrpEGC
0.0,-0.02314325,0.24592844,VLMC
0.0,-0.056220695,0.8736353,obNBL
0.0,-0.047115706,0.76268786,scgnIN
0.0,-0.03246576,0.24592844,obNBL
0.0,-0.0064803343,0.24592844,obNBL
0.0,-0.035484333,0.24592844,wntEGC
0.0,-0.012292877,0.24592844,MSN
0.0,-0.044473976,0.24592844,scgnIN
0.0,-0.014227133,0.24592844,wntEGC
0.0,-0.0729997,0.63383996,scgnIN
0.0,-0.082030594,0.8512829,obNBL
0.0,0.0405907,0.24592844,VLMC
0.0,-0.00013592094,0.24592844,wntEGC
0.0,-0.018678155,0.6237609,scgnIN
0.0,0.04062561,0.24592844,wntEGC
0.0,-0.020120155,0.24592844,reaEGC
0.0,0.039794363,0.43229467,CMPN
0.0,-0.11977587,0.59500617,obNBL
0.0,-0.031462863,0.8350938,obNBL
0.0,0.0034700017,0.24592844,VLMC
0.0,-0.07936708,0.8087628,scgnIN
0.0,0.004615145,0.24592844,wntEGC
0.0,-0.037634224,0.7940054,MSN
0.0,-0.03512359,0.24592844,sstIN
0.0,-0.074244894,0.59763217,obNBL
0.5,-0.0068241293,0.24592844,dpEX
0.5,-0.010979289,0.67987674,nptxEX
0.5,0.047217827,0.24592844,wntEGC
0.5,0.012285985,2.0346239,VLMC
0.5,0.077277005,1.0179667,MSN
0.5,0.10591624,1.4673483,obNBL
0.5,-0.02731173,1.3181227,obNBL
0.5,0.09718989,0.24592844,VLMC
0.5,0.042750165,1.2810316,MSN
0.5,0.040145904,0.24592844,sfrpEGC
0.5,0.116018385,0.6790501,MSN
0.5,0.09148587,1.2582278,obNBL
0.5,-0.038182694,0.24592844,scgnIN
0.5,0.025774293,1.2164309,MSN
0.5,-0.050247695,0.91862154,MSN
0.5,0.065795235,0.24592844,wntEGC
0.5,0.013015378,0.24592844,nptxEX
0.5,0.07202703,0.57988924,sstIN
0.5,0.06676495,0.24592844,dpEX
0.5,0.13549994,0.24592844,MCG
0.5,0.05328611,0.36180997,reaEGC
0.5,0.0846599,0.24592844,VLMC
0.5,0.030754087,2.2756174,VLMC
0.5,-0.017855741,0.61544085,scgnIN
0.5,0.2236964,0.24592844,sfrpEGC
0.5,0.07027356,0.24592844,VLMC
0.5,0.07338084,0.9272212,MSN
0.5,0.001988721,0.24592844,mpEX
0.5,0.06384496,0.680353,scgnIN
0.5,0.14778131,0.9886471,CMPN
0.5,0.0015493957,0.24592844,mpEX
0.5,-0.0006078556,0.7759101,MSN
0.5,0.110864565,0.4013442,dpEX
0.5,0.012445794,0.24592844,mpEX
0.5,0.083919,0.6095481,obNBL
0.5,-0.022106059,0.24592844,scgnIN
0.5,0.12813683,0.24592844,mpEX
0.5,0.1380701,0.24592844,sfrpEGC
0.5,0.088306025,1.0663326,dpEX
0.5,0.02734677,0.24592844,dpEX
0.5,0.14813602,0.24592844,CMPN
0.5,-0.034845177,0.24592844,mpEX
0.5,-0.055230092,1.2543426,MSN
0.5,0.047579605,0.90591073,MSN
0.5,0.0864979,0.28051123,reaEGC
0.5,0.035267618,0.24592844,wntEGC
0.5,0.087364346,0.44254705,nptxEX
0.5,0.25585285,0.39447033,CMPN
0.5,0.08097736,0.64694446,CMPN
0.5,0.08225598,0.24592844,CMPN
0.5,-0.045817938,0.9830821,MSN
0.5,-0.040104553,0.24592844,mpEX
0.5,0.11919381,0.24592844,wntEGC
0.5,0.14491141,0.6399649,dpEX
0.5,0.059784893,0.5568139,mpEX
0.5,-0.0043432545,1.3991872,MSN
0.5,-0.049785204,0.24592844,scgnIN
0.5,0.08426921,0.62856793,dpEX
0.5,0.04064692,1.1143641,MSN
0.5,0.2018195,0.24592844,wntEGC
0.5,0.21825345,0.24592844,reaEGC
0.5,0.21680734,0.24592844,CMPN
0.5,0.061998367,0.24592844,nptxEX
0.5,0.13852094,0.24592844,wntEGC
0.5,0.18051168,0.24592844,nptxEX
0.5,0.041199535,0.24592844,CMPN
0.5,0.06038826,0.6499648,sfrpEGC
0.5,0.21229273,0.24592844,reaEGC
0.5,0.047503002,0.70711565,obNBL
0.5,0.04692207,0.6195927,dpEX
0.5,0.08946514,0.28472146,wntEGC
0.5,0.055352278,0.24592844,mpEX
0.5,0.06544536,0.24592844,sfrpEGC
0.5,0.11074865,0.24592844,VLMC
0.5,0.042874623,0.55281043,MSN
0.5,0.08010624,1.1857488,nptxEX
0.5,-0.02993231,0.44226947,mpEX
0.5,0.06497732,0.37468413,nptxEX
0.5,0.07561713,0.24592844,CMPN
0.5,0.07191626,0.8314637,sstIN
0.5,-0.0044676065,1.2039934,obNBL
0.5,0.07432001,0.24592844,MCG
0.5,0.02657834,0.43749052,CMPN
0.5,0.05736275,0.24592844,ribEGC
0.5,0.043747783,0.24592844,mpEX
0.5,0.2847197,0.24592844,reaEGC
0.5,0.20548722,0.24592844,CMPN
0.5,0.022290034,0.24592844,mpEX
0.5,0.016704373,0.24592844,obNBL
0.5,0.102186315,0.24592844,VLMC
0.5,0.044602305,0.24592844,VLMC
0.5,-0.024609622,0.24592844,wntEGC
0.5,0.04206472,0.24592844,nptxEX
0.5,-0.031519305,1.883421,scgnIN
0.5,0.046909757,0.4489061,nptxEX
0.5,0.0065851435,0.9125003,obNBL
0.5,0.06713162,0.24592844,sstIN
0.5,0.10571106,0.24592844,tlNBL
0.5,0.023486543,0.56126064,MCG
0.5,0.04955351,0.7142198,MSN
0.5,0.049406607,0.24592844,CMPN
0.5,0.077104144,0.9658306,dpEX
0.5,0.031834163,0.24592844,scgnIN
0.5,0.08675937,0.24592844,wntEGC
0.5,0.062127583,0.39992508,dpEX
0.5,0.0066356324,1.1073208,MSN
0.5,-0.014974004,0.53093296,wntEGC
0.5,-0.043624073,0.7942602,obNBL
0.5,0.1356929,1.7175901,CMPN
0.5,0.11809787,0.73473537,obNBL
0.5,0.038318284,0.39908707,nptxEX
0.5,-0.011964276,0.87580293,MSN
0.5,-0.004690873,0.95608395,obNBL
0.5,0.091234386,0.3724606,CMPN
0.5,0.039703663,0.24592844,obNBL
0.5,0.0008575376,0.5843022,scgnIN
0.5,0.08327752,0.24592844,VLMC
0.5,0.28297848,0.24592844,reaEGC
0.5,0.19791582,0.55414647,CMPN
0.5,0.09056689,1.1056656,dpEX
0.5,0.09074276,0.619703,dpEX
0.5,0.08775223,0.24592844,tlNBL
0.5,0.04313915,1.0840055,wntEGC
0.5,0.15642354,0.24592844,VLMC
0.5,0.05208224,0.24592844,wntEGC
0.5,0.04799249,0.7477769,scgnIN
0.5,0.04336586,0.4196016,nptxEX
0.5,0.065344244,0.67682785,MSN
0.5,0.11663989,0.24592844,CMPN
0.5,0.09145069,0.24592844,ribEGC
0.5,-0.021985386,0.79142267,wntEGC
0.5,-0.07502844,1.794469,MSN
0.5,0.07625412,1.1597605,obNBL
0.5,0.15870775,0.24592844,nptxEX
0.5,0.055036653,0.24592844,MSN
0.5,0.07237393,0.24592844,VLMC
0.5,0.06456816,0.24592844,VLMC
0.5,0.03498824,0.24592844,MSN
0.5,0.0818334,0.24592844,mpEX
0.5,0.050191507,0.24592844,wntEGC
0.5,-0.03489759,0.60034364,MSN
0.5,0.107463814,1.4309224,sstIN
0.5,-0.0070243385,0.24592844,MSN
0.5,0.001542693,0.24592844,obNBL
0.5,0.060031094,0.24592844,dpEX
0.5,0.13251382,0.24592844,wntEGC
0.5,0.06174732,0.59446007,obNBL
0.5,0.030189116,0.3976015,nptxEX
0.5,0.123511925,0.24592844,MCG
0.5,0.026327783,0.7847168,MSN
0.5,0.07759605,0.62102,sstIN
0.5,-0.01916581,0.24592844,MSN
0.5,-0.0018484006,0.26475033,wntEGC
0.5,0.121269345,0.53694737,nptxEX
0.5,0.049736723,0.4871529,nptxEX
0.5,0.040081467,0.24592844,mpEX
0.5,-0.024159323,0.8258947,MSN
0.5,0.097407244,0.24592844,sstIN
0.5,0.020888591,0.24592844,dpEX
0.5,0.04064341,0.48278028,dpEX
0.5,0.20236927,0.24592844,VLMC
0.5,0.086278245,0.44905564,nptxEX
0.5,0.065849826,0.24592844,nptxEX
0.5,0.011033816,0.24592844,VLMC
0.5,0.013316757,0.24592844,mpEX
0.5,0.0042746626,1.3913076,MSN
0.5,0.15349798,0.57658625,sfrpEGC
0.5,-0.025111837,1.0679203,MSN
0.5,0.05418992,0.24592844,VLMC
0.5,0.07536504,0.24592844,MSN
0.5,0.1739159,0.38246876,wntEGC
0.5,0.0933695,0.47489667,nptxEX
0.5,0.120889485,0.24592844,MSN
0.5,0.11291057,0.24592844,VLMC
0.5,0.064276874,0.24592844,wntEGC
0.5,-0.039568763,0.24592844,scgnIN
0.5,0.056029905,0.24592844,reaEGC
0.5,0.052737556,0.24592844,mpEX
0.5,0.09111227,1.1932858,MSN
0.5,0.0689613,0.24592844,VLMC
0.5,-0.06778161,0.24592844,MSN
0.5,0.13603373,0.24592844,MCG
0.5,0.13101088,0.24592844,obNBL
0.5,0.0007255967,2.009461,VLMC
0.5,0.007608533,0.36128932,mpEX
0.5,0.1356376,0.24592844,sstIN
0.5,0.07816406,0.62021446,obNBL
0.5,0.05130719,1.5031804,MSN
0.5,0.0228484,1.749083,VLMC
0.5,0.05890172,0.24592844,dpEX
0.5,0.06544536,0.24592844,sfrpEGC
0.5,0.014479978,0.4348047,wntEGC
0.5,0.15080738,0.24592844,VLMC
0.5,-0.015591718,0.24592844,MSN
0.5,0.077762924,0.24592844,dpEX
0.5,0.17948768,0.24592844,sfrpEGC
0.5,0.071995616,0.24592844,sfrpEGC
0.5,-0.047446236,0.8619773,scgnIN
0.5,-0.061944224,0.8759133,scgnIN
0.5,-0.006649144,0.24592844,MSN
0.5,0.057042226,0.24592844,CMPN
0.5,0.052092593,0.7453243,MSN
0.5,0.08797291,0.24592844,dpEX
0.5,-0.029805886,0.839095,scgnIN
0.5,0.043933205,0.24592844,dpEX
0.5,-0.04753703,0.24592844,obNBL
0.5,-0.0030790605,0.770236,obNBL
0.5,0.012727175,0.24592844,scgnIN
0.5,0.009340173,0.8587463,MSN
0.5,0.24658278,0.24592844,sfrpEGC
0.5,0.03163734,0.43858474,dpEX
0.5,0.048614293,0.24592844,VLMC
0.5,0.16539021,0.24592844,VLMC
0.5,-0.013860855,0.24592844,obNBL
0.5,-0.021179723,0.7947766,MSN
0.5,0.018253442,0.24592844,CMPN
0.5,0.097829975,0.6195848,wntEGC
0.5,0.04634875,0.24592844,MSN
0.5,0.10119198,0.24592844,mpEX
0.5,0.09165655,0.24592844,MSN
0.5,-0.09292744,0.90744346,MSN
0.5,-0.019849554,1.4318153,obNBL
0.5,0.07348172,0.24592844,dpEX
0.5,0.03475348,0.24592844,CMPN
0.5,0.05570227,0.24592844,CMPN
0.5,0.018198729,0.7340718,MSN
0.5,0.16560262,0.44367653,CMPN
0.5,-0.0041690134,0.24592844,CMPN
0.5,0.025952706,1.1639347,MSN
0.5,0.025512358,0.24592844,obNBL
0.5,0.036625255,0.24592844,scgnIN
0.5,0.13157421,0.24592844,wntEGC
0.5,0.037323125,0.86647624,dpEX
0.5,0.004314716,0.82675475,sstIN
0.5,0.16898872,0.42390615,CMPN
0.5,0.1125753,0.52783996,nptxEX
0.5,0.009443102,0.24592844,mpEX
0.5,0.051172737,0.24592844,nptxEX
0.5,-0.004852537,0.7224271,scgnIN
0.5,0.09011478,0.24592844,wntEGC
0.5,0.10208042,0.24592844,MSN
0.5,0.054064766,0.6252512,wntEGC
0.5,0.025082681,1.1766644,MSN
0.5,0.031012299,0.24592844,obNBL
0.5,0.09535833,0.7499787,nptxEX
0.5,0.07314885,0.24592844,reaEGC
0.5,0.08631097,0.24592844,CMPN
0.5,0.04487697,0.59863,scgnIN
0.5,-0.053569973,1.2405285,MSN
0.5,0.017835546,0.7578006,nptxEX
0.5,0.0243911,0.6059159,MSN
0.5,-0.021368112,0.49528876,mpEX
0.5,0.032255717,0.5078084,nptxEX
0.5,0.016377652,0.59133077,obNBL
0.5,0.047003444,0.7879378,VLMC
0.5,0.056123413,0.45460483,obNBL
0.5,-0.00084081106,0.24592844,obNBL
0.5,-0.016568098,0.6984228,obNBL
0.5,0.11094496,1.2780122,VLMC
0.5,0.04479152,0.24592844,CMPN
0.5,0.060069643,0.38339797,nptxEX
0.5,0.051203728,0.24592844,wntEGC
0.5,-0.028589396,0.24592844,wntEGC
0.5,0.048141908,0.24592844,obNBL
0.5,0.06714473,0.96060365,obNBL
0.5,0.060329385,1.0031981,obNBL
0.5,0.14384097,0.24592844,VLMC
0.5,0.14404595,0.24592844,CMPN
0.5,0.08860629,0.24592844,VLMC
0.5,0.012584308,0.24592844,obNBL
0.5,0.036860805,0.24592844,MSN
0.5,-0.057046734,2.2366948,obNBL
0.5,0.076819584,0.24592844,wntEGC
0.5,0.039314125,1.1200064,MSN
0.5,0.08640383,0.24592844,dpEX
0.5,0.029178051,0.24592844,obNBL
0.5,0.105992675,0.6690303,MSN
0.5,0.08797291,0.24592844,dpEX
0.5,-0.003803993,0.24592844,mpEX
0.5,0.117896065,0.7376081,CMPN
0.5,0.037758116,0.24592844,sstIN
0.5,0.15162814,0.24592844,VLMC
0.5,-0.011696059,0.24592844,scgnIN
0.5,0.12679747,0.24592844,wntEGC
0.5,0.057801317,0.24592844,MSN
0.5,0.084185295,0.24592844,MCG
0.5,0.038498804,0.7170211,dpEX
0.5,0.15328613,0.24592844,MSN
0.5,-0.01997467,0.24592844,obNBL
0.5,0.016096806,0.24592844,wntEGC
0.5,-0.035165824,0.74023,scgnIN
0.5,0.07011255,0.24592844,dpEX
0.5,0.05897823,0.5137025,CMPN
0.5,0.025177265,0.24592844,dpEX
0.5,0.035440706,0.4121257,nptxEX
0.5,0.047065698,0.46758524,wntEGC
0.5,0.022297664,0.24592844,MSN
0.5,0.013969233,0.40692765,wntEGC
0.5,0.0652644,0.24592844,VLMC
0.5,0.08810041,0.7053158,MSN
1.0,0.08219393,0.6270715,wntEGC
1.0,0.0007303413,0.24592844,VLMC
1.0,0.12588827,0.24592844,mpIN
1.0,0.052481107,0.3603335,nptxEX
1.0,0.1449,0.24592844,obNBL
1.0,0.17769167,0.24592844,wntEGC
1.0,0.094300136,0.24592844,wntEGC
1.0,0.06496414,0.3421076,nptxEX
1.0,-0.059851527,0.96133363,scgnIN
1.0,0.13329472,0.5252312,MCG
1.0,0.06861151,0.24592844,VLMC
1.0,0.20766738,0.24592844,MCG
1.0,0.016979799,0.34991476,mpEX
1.0,0.10251346,0.24592844,cckIN
1.0,0.05521919,0.24592844,scgnIN
1.0,0.013433927,0.24592844,mpEX
1.0,0.16145025,0.24592844,cckIN
1.0,0.15041235,0.24592844,wntEGC
1.0,0.04946819,0.24592844,mpEX
1.0,0.14726666,0.24592844,CMPN
1.0,0.05960133,0.24592844,scgnIN
1.0,0.059335567,0.24592844,nptxEX
1.0,0.060233783,0.7568289,obNBL
1.0,0.11636171,0.24592844,VLMC
1.0,0.13142695,0.24592844,sfrpEGC
1.0,0.08332499,0.24592844,MCG
1.0,0.047761597,0.24592844,MSN
1.0,0.031303585,0.24592844,ribEGC
1.0,0.036551118,0.24592844,mpEX
1.0,0.18424897,0.936645,CMPN
1.0,0.19905506,0.24592844,CMPN
1.0,0.09052703,0.24592844,MCG
1.0,0.09264643,0.24592844,VLMC
1.0,0.097697005,0.24592844,dpEX
1.0,-0.036052573,0.24592844,mpEX
1.0,0.021120979,1.0970836,scgnIN
1.0,0.10310632,0.39124066,dpEX
1.0,0.094084084,0.4324078,wntEGC
1.0,0.21264237,0.24592844,WSN
1.0,0.12529835,0.24592844,sfrpEGC
1.0,0.12884986,0.24592844,MCG
1.0,0.19285026,0.7611527,CMPN
1.0,0.15708555,0.24592844,VLMC
1.0,0.030544117,0.24592844,VLMC
1.0,0.015631698,0.24592844,VLMC
1.0,0.027050864,0.43014434,sfrpEGC
1.0,0.21114494,1.5273626,WSN
1.0,0.0028960118,0.24592844,mpEX
1.0,0.06660893,0.86354107,MSN
1.0,0.13572124,0.24592844,MSN
1.0,0.08894297,0.24592844,VLMC
1.0,0.03232754,1.0939233,scgnIN
1.0,-0.029587649,0.407308,MSN
1.0,-0.020198124,0.24592844,scgnIN
1.0,0.20533183,0.24592844,CMPN
1.0,0.091120325,0.24592844,MCG
1.0,0.05376839,1.1714118,mpIN
1.0,0.009369319,0.24592844,VLMC
1.0,0.04907862,0.49797055,cckIN
1.0,0.07967545,0.24592844,wntEGC
1.0,0.024596322,0.24592844,mpEX
1.0,0.18575567,0.24592844,cckIN
1.0,0.12604079,0.24592844,wntEGC
1.0,0.073574826,0.40346774,wntEGC
1.0,0.0146569405,0.24592844,VLMC
1.0,0.08140031,0.24592844,mpEX
1.0,0.076091126,0.24592844,VLMC
1.0,0.083126634,0.36662337,mpEX
1.0,0.21852818,0.5024517,VLMC
1.0,0.10514111,0.24592844,ribEGC
1.0,0.036704853,0.24592844,scgnIN
1.0,0.08853875,0.24592844,sfrpEGC
1.0,0.15918842,0.24592844,wntEGC
1.0,0.08737146,0.24592844,wntEGC
1.0,0.09867209,0.24592844,CMPN
1.0,0.15155384,0.24592844,wntEGC
1.0,0.14657873,0.24592844,WSN
1.0,0.13903067,0.24592844,WSN
1.0,0.05400105,0.24592844,VLMC
1.0,0.05809167,0.24592844,scgnIN
1.0,0.14598885,0.24592844,sfrpEGC
1.0,0.12014651,2.282137,cckIN
1.0,0.089679085,0.24592844,obNBL
1.0,0.019977437,0.24592844,mpEX
1.0,0.14531964,0.24592844,reaEGC
1.0,0.094694704,0.24592844,MCG
1.0,0.13774356,0.24592844,sfrpEGC
1.0,-0.0095506385,0.24592844,CMPN
1.0,0.07638611,0.24592844,mpEX
1.0,0.045872003,0.8972399,scgnIN
1.0,0.060495205,0.24592844,mpEX
1.0,0.05078487,0.24592844,mpEX
1.0,0.1771619,0.24592844,sstIN
1.0,0.17794341,0.24592844,cckIN
1.0,0.101499274,0.24592844,cckIN
1.0,0.14387885,0.24592844,mpEX
1.0,0.1724779,0.24592844,cckIN
1.0,0.102425694,0.24592844,mpIN
1.0,0.03543189,0.24592844,VLMC
1.0,0.078670084,0.24592844,mpEX
1.0,-0.05633594,0.24592844,MSN
1.0,0.09541454,0.24592844,MCG
1.0,0.09401879,0.24592844,sfrpEGC
1.0,0.05241693,0.24592844,mpEX
1.0,0.048717976,0.24592844,dpEX
1.0,0.044683084,0.6663757,obNBL
1.0,0.069719195,0.24592844,dpEX
1.0,0.102524415,0.8694913,obNBL
1.0,0.05969907,0.7939042,MSN
1.0,0.09214529,0.24592844,MCG
1.0,0.12599435,1.7114089,WSN
1.0,0.17848979,0.24592844,MCG
1.0,-0.014718516,0.24592844,obNBL
1.0,0.23064142,0.24592844,wntEGC
1.0,0.13268498,0.24592844,sstIN
1.0,0.04305899,0.8542696,obNBL
1.0,0.12699015,1.0289537,CMPN
1.0,-0.0045647365,0.24592844,dpEX
1.0,0.119833365,1.2680248,WSN
1.0,0.285017,0.34786567,MCG
1.0,-0.029420786,0.24592844,scgnIN
1.0,0.0037438795,0.24592844,scgnIN
1.0,-0.0313504,0.24592844,scgnIN
1.0,0.08313118,0.36129588,wntEGC
1.0,-0.004090093,0.24592844,MSN
1.0,0.002949126,0.50761217,obNBL
1.0,-0.081505075,0.714573,CMPN
1.0,0.10273354,0.24592844,VLMC
1.0,0.16784528,0.24592844,cckIN
1.0,0.13612874,0.24592844,mpEX
1.0,0.06843816,0.24592844,scgnIN
1.0,0.066409215,0.24592844,mpEX
1.0,-0.010541672,0.24592844,mpEX
1.0,0.07522162,0.47696367,mpIN
1.0,0.022065094,0.24592844,scgnIN
1.0,0.22109318,0.24592844,CMPN
1.0,-0.0054317545,0.29933503,MCG
1.0,0.15366869,1.8446101,mpEX
1.0,0.032020766,0.6919396,obNBL
1.0,0.10597153,1.5824546,scgnIN
1.0,0.08408761,0.24592844,tlNBL
1.0,0.13978206,0.6199946,tlNBL
1.0,-0.05573078,0.24592844,MSN
1.0,-0.042778935,1.2884271,scgnIN
1.0,0.19070792,0.24592844,VLMC
1.0,0.031099536,0.68524426,cckIN
1.0,0.019630544,0.24592844,VLMC
1.0,0.0053606424,0.24592844,mpEX
1.0,0.0054161996,0.24592844,scgnIN
1.0,0.120328315,0.24592844,mpEX
1.0,0.33802062,0.24592844,reaEGC
1.0,0.08873765,0.54977465,sstIN
1.0,-0.032428868,0.24592844,MSN
1.0,0.020884572,1.0952277,VLMC
1.0,0.16576378,0.57141626,MCG
1.0,0.09246162,0.24592844,cckIN
1.0,0.13329187,0.24592844,MSN
1.0,0.044348076,0.24592844,sfrpEGC
1.0,0.37428755,0.24592844,reaEGC
1.0,0.002315809,0.24592844,wntEGC
1.0,0.10655592,0.829888,mpEX
1.0,0.051653054,0.41451487,cckIN
1.0,0.040939935,0.24592844,sfrpEGC
1.0,0.12179204,0.8083534,obNBL
1.0,0.14149176,0.59781754,wntEGC
1.0,0.14251068,0.24592844,wntEGC
1.0,0.14322741,0.24592844,sstIN
1.0,0.12744118,0.24592844,sfrpEGC
1.0,0.06677127,0.24592844,cckIN
1.0,0.27678883,0.6495123,CMPN
1.0,0.042423792,0.24592844,sfrpEGC
1.0,0.012939336,0.24592844,reaEGC
1.0,0.09726213,0.24592844,VLMC
1.0,0.15572158,0.38620517,VLMC
1.0,0.011813097,1.4862846,VLMC
1.0,0.07100322,0.24592844,MSN
1.0,-0.012500027,0.3138816,nptxEX
1.0,0.17537928,2.518354,MSN
1.0,0.0137693975,0.32382473,wntEGC
1.0,0.1916036,0.24592844,mpEX
1.0,0.066067055,0.46986455,obNBL
1.0,0.13787463,0.24592844,VLMC
1.0,0.05089543,0.24592844,reaEGC
1.0,-0.0042263307,0.68209463,scgnIN
1.0,0.20440543,0.24592844,reaEGC
1.0,0.14479786,0.24592844,dpEX
1.0,-0.09008535,0.7203207,scgnIN
1.0,0.09772518,0.24592844,wntEGC
1.0,0.2302421,0.24592844,WSN
1.0,0.09675373,0.24592844,VLMC
1.0,0.06079363,0.6146879,mpEX
1.0,0.08474557,0.24592844,VLMC
1.0,0.0387069,0.24592844,CMPN
1.0,0.10526505,0.24592844,WSN
1.0,0.054072086,1.2974476,VLMC
1.0,0.066182725,0.24592844,wntEGC
1.0,0.080106825,0.24592844,scgnIN
1.0,0.0941789,0.35848567,cckIN
1.0,0.18599719,0.24592844,ribEGC
1.0,0.15924318,0.24592844,CMPN
1.0,0.033667173,0.33927178,sstIN
1.0,0.15144862,0.3396373,cckIN
1.0,0.20052348,0.24592844,sfrpEGC
1.0,-0.036860693,0.24592844,MSN
1.0,0.16808996,0.24592844,ribEGC
1.0,0.1364253,0.24592844,VLMC
1.0,0.20897579,0.3249413,cckIN
1.0,0.078731164,0.24592844,sfrpEGC
1.0,0.16818585,0.24592844,mpEX
1.0,0.18014818,0.31064412,cckIN
1.0,0.05394218,0.54264045,MSN
1.0,0.015517024,0.24592844,nptxEX
1.0,0.010977136,0.599127,obNBL
1.0,-0.048227876,0.24592844,scgnIN
1.0,0.06655143,0.38154653,mpEX
1.0,0.25801426,0.24592844,reaEGC
1.0,0.0964803,0.31097406,MSN
1.0,0.06991755,0.24592844,mpEX
1.0,0.041494846,0.5251117,VLMC
1.0,0.14550789,0.24592844,sstIN
1.0,0.20262632,0.24592844,tlNBL
1.0,0.24252608,0.24592844,CMPN
1.0,-0.012607684,0.24592844,scgnIN
1.0,0.1188481,0.24592844,sstIN
1.0,0.08201025,0.24592844,mpEX
1.0,0.11664671,0.24592844,ribEGC
1.0,0.1226923,0.56030625,VLMC
1.0,0.028107299,0.24592844,VLMC
1.0,0.048885547,0.9726369,MSN
1.0,0.075554036,0.76522547,MSN
1.0,0.014132336,0.64243245,MSN
1.0,0.15940246,0.24592844,scgnIN
1.0,0.025878025,0.48457384,obNBL
1.0,0.17002429,0.24592844,MCG
1.0,-0.0059923083,0.5006104,scgnIN
1.0,0.009463467,0.24592844,dpEX
1.0,0.23469695,0.24592844,cckIN
1.0,0.061453305,0.67360127,nptxEX
1.0,0.03384769,0.41139227,nptxEX
1.0,0.04344196,0.6377502,MSN
1.0,0.086843476,0.24592844,mpIN
1.0,0.13126656,0.24592844,cckIN
1.0,0.08582956,0.46179068,VLMC
1.0,0.07585409,0.24592844,dpEX
1.0,0.121783726,0.24592844,cckIN
1.0,0.06625426,0.3566442,cckIN
1.0,0.05881011,0.5157588,mpEX
1.0,0.14490946,0.24592844,cckIN
1.0,0.12306924,0.24592844,WSN
1.0,0.1493493,0.24592844,mpEX
1.0,0.080505036,1.4431729,dpEX
1.0,0.04617112,0.72358334,nptxEX
1.0,0.13383202,0.24592844,dpEX
1.0,0.17827845,0.24592844,VLMC
1.0,0.18474919,0.34474167,cckIN
1.0,-0.06782642,0.64438444,obNBL
1.0,0.017786924,0.6642707,MSN
1.0,0.21529883,0.24592844,cckIN
1.0,0.075978205,1.2557254,mpEX
1.0,0.03558603,0.24592844,dpEX
1.0,0.10171805,0.24592844,wntEGC
1.0,0.08235394,0.24592844,CMPN
1.0,-0.006915346,0.24592844,MSN
1.0,0.109906346,0.24592844,VLMC
1.0,0.02265304,0.5029663,obNBL
1.0,0.08272974,0.9532018,scgnIN
1.0,0.19818448,0.4511643,CMPN
1.0,0.20812897,0.24592844,VLMC
1.0,0.12793076,0.5842807,VLMC
1.0,0.1128916,0.24592844,reaEGC
1.0,0.07051381,0.9508655,obNBL
1.0,0.066845134,0.24592844,mpEX
1.0,0.11401881,0.24592844,VLMC
1.0,0.022946687,1.7233071,WSN
1.0,0.18179983,0.24592844,wntEGC
1.0,0.08858204,0.24592844,mpEX
1.0,0.16906162,0.24592844,sfrpEGC
1.0,0.09909742,0.24592844,reaEGC
1.0,0.022867916,0.65993446,dpEX
1.0,0.097344995,0.24592844,mpEX
1.0,0.1184915,1.5919571,WSN
1.0,0.026413327,0.24592844,scgnIN
1.0,0.08099396,1.6299472,WSN
1.0,0.09786442,0.48482063,nptxEX
1.0,0.16660911,1.1197692,mpIN
1.0,0.14150336,0.24592844,VLMC
1.0,0.06507259,0.7694455,obNBL
1.0,0.110291965,0.24592844,VLMC
1.0,0.067868,0.40306297,MSN
1.0,0.14222337,0.24592844,reaEGC
1.0,0.23663138,0.24592844,reaEGC
1.0,0.10600268,0.24592844,CMPN
1.0,0.101508446,0.24592844,scgnIN
1.0,0.22504757,0.24592844,ribEGC
1.0,0.094296545,0.63637555,WSN
1.0,0.14819457,0.24592844,sfrpEGC
1.0,-0.003575312,0.41896656,wntEGC
1.0,0.09237436,0.24592844,wntEGC
1.0,0.010054981,0.24592844,tlNBL
1.0,0.022426935,0.24592844,VLMC
1.5,0.16901085,0.24592844,VLMC
1.5,0.14604035,0.24592844,VLMC
1.5,0.011305466,0.24592844,MSN
1.5,0.1066275,0.61700255,MSN
1.5,0.19097826,0.88202435,nptxEX
1.5,0.1776067,0.8546648,MSN
1.5,0.12663358,0.49143925,dpEX
1.5,0.08951845,0.24592844,dpEX
1.5,0.05495763,2.1540372,MSN
1.5,0.21567218,0.4513117,obNBL
1.5,0.17513637,0.24592844,obNBL
1.5,0.2222862,0.24592844,mpEX
1.5,0.2111485,0.24592844,scgnIN
1.5,0.09310341,0.24592844,MSN
1.5,0.35841694,0.4552589,CMPN
1.5,0.025721025,0.5527251,MSN
1.5,0.05525329,0.24592844,wntEGC
1.5,0.14578725,0.24592844,mpEX
1.5,0.18190736,0.24592844,sfrpEGC
1.5,0.22771361,0.3154581,reaEGC
1.5,0.100159384,0.4687013,MSN
1.5,0.032631356,0.5012991,nptxEX
1.5,0.069983006,0.6318367,wntEGC
1.5,0.24650724,0.24592844,MSN
1.5,0.21473445,0.24592844,dpEX
1.5,0.12174577,0.37133613,MSN
1.5,0.10481922,0.8416838,obNBL
1.5,0.09251216,0.513254,nptxEX
1.5,0.13899264,1.0901225,obNBL
1.5,0.18149212,0.37743434,MSN
1.5,0.15441923,0.24592844,dpEX
1.5,0.14921862,0.24592844,VLMC
1.5,0.18560082,1.53304,mpEX
1.5,0.2492681,0.5294016,MSN
1.5,0.04245612,0.60253036,MSN
1.5,0.12998724,0.70364255,MSN
1.5,0.2885494,0.24592844,reaEGC
1.5,0.14698666,0.70302796,VLMC
1.5,0.1269801,0.63001114,MSN
1.5,0.150866,0.3594758,dpEX
1.5,0.22324556,0.24592844,dpEX
1.5,0.1723283,0.24592844,VLMC
1.5,0.19912045,0.71805984,wntEGC
1.5,0.22375962,0.24592844,ribEGC
1.5,0.23184347,0.24592844,VLMC
1.5,0.20037667,1.3744496,mpEX
1.5,0.15814409,0.5558927,obNBL
1.5,0.15753603,0.24592844,obNBL
1.5,0.1133763,0.24592844,VLMC
1.5,0.17467049,0.24592844,dpEX
1.5,0.14567205,1.170294,MSN
1.5,0.03543126,0.41518798,MSN
1.5,0.06467721,0.37232113,nptxEX
1.5,0.08269415,0.5478526,MSN
1.5,0.18135433,0.24592844,MSN
1.5,0.23546427,0.35682777,nptxEX
1.5,0.12199139,0.24592844,MCG
1.5,0.19436942,0.61019063,nptxEX
1.5,0.0108245835,0.4785355,MSN
1.5,0.09646483,0.45125493,nptxEX
1.5,0.22546947,0.24592844,CMPN
1.5,0.03276987,0.24592844,MSN
1.5,0.22077595,0.24592844,obNBL
1.5,0.12542033,0.24592844,tlNBL
1.5,0.22082567,0.60991216,VLMC
1.5,0.1990753,0.24592844,CMPN
1.5,0.17878094,0.24592844,CMPN
1.5,0.17929143,2.1091309,scgnIN
1.5,0.18281947,0.58861524,MSN
1.5,0.07364595,0.5844336,nptxEX
1.5,0.3260843,1.5348861,CMPN
1.5,0.075486705,0.24592844,MSN
1.5,0.12663358,0.49143925,dpEX
1.5,0.15307787,0.24592844,VLMC
1.5,0.08956961,0.24592844,dpEX
1.5,0.028187284,0.39909905,MSN
1.5,0.103124365,0.5177882,MSN
1.5,0.22279246,0.24592844,wntEGC
1.5,0.15860859,0.24592844,mpEX
1.5,0.18966223,0.24592844,dpEX
1.5,0.1796445,0.3769629,nptxEX
1.5,0.16381624,0.24592844,nptxEX
1.5,0.14175746,0.685181,nptxEX
1.5,0.2724852,0.24592844,MSN
1.5,-0.061592266,0.24592844,obNBL
1.5,0.2603654,0.24592844,scgnIN
1.5,0.15891495,0.41038138,dpEX
1.5,0.09655286,0.42819822,dpEX
1.5,0.18022549,0.24592844,dpEX
1.5,0.048610482,0.24592844,VLMC
1.5,0.2724852,0.24592844,MSN
1.5,0.16145685,0.24592844,nptxEX
1.5,-0.021498162,0.24592844,mpEX
1.5,0.11610764,0.41082492,nptxEX
1.5,-0.0519264,0.7392307,obNBL
1.5,0.19082741,0.24592844,mpEX
1.5,0.19416857,0.6376572,dpEX
1.5,0.107513085,0.24592844,dpEX
1.5,0.15431245,0.24592844,ribEGC
1.5,0.037343733,0.76847225,obNBL
1.5,0.16414666,0.24592844,nptxEX
1.5,0.21992771,1.2720906,dpEX
1.5,0.13624138,0.24592844,MCG
1.5,0.18985078,0.24592844,VLMC
1.5,0.11833142,0.30848804,mpEX
1.5,0.22747637,0.38630354,MCG
1.5,0.15394616,0.443752,MSN
1.5,0.10892505,0.24592844,VLMC
1.5,0.141612,1.1631678,MSN
1.5,0.120074876,0.4631355,obNBL
1.5,0.08549963,0.5107284,MSN
1.5,0.19819853,0.24592844,wntEGC
1.5,0.13813032,1.2312559,MSN
1.5,0.14508814,0.40294626,mpEX
1.5,0.16250439,0.5887023,MSN
1.5,0.11404492,0.24592844,mpEX
1.5,0.18887803,0.24592844,mpEX
1.5,0.15717256,0.24592844,CMPN
1.5,0.13908494,0.24592844,nptxEX
1.5,0.16757952,1.1872315,dpEX
1.5,0.13752607,0.5233131,cckIN
1.5,0.06868327,0.24592844,MSN
1.5,0.27089387,0.24592844,VLMC
1.5,0.088106334,0.3279483,mpEX
1.5,0.1684992,0.24592844,mpEX
1.5,0.12929645,0.42682746,MSN
1.5,0.11361424,0.4020771,obNBL
1.5,0.035902187,0.24592844,obNBL
1.5,0.16608873,0.24592844,mpEX
1.5,0.1465278,0.55978733,MSN
1.5,0.21216583,0.24592844,obNBL
1.5,0.054113563,0.8926551,MSN
1.5,0.10631014,0.5940108,MSN
1.5,0.056223616,1.4760079,MSN
1.5,0.0366401,0.7100097,cckIN
1.5,0.24222218,0.71367836,CMPN
1.5,0.22685647,0.24592844,MCG
1.5,0.159942,0.76017463,MSN
1.5,0.19063984,0.24592844,mpEX
1.5,0.1804713,0.6529979,nptxEX
1.5,0.0068307407,0.24592844,MSN
1.5,0.11765008,0.24592844,dpEX
1.5,0.1769298,0.8216393,VLMC
1.5,0.039054424,1.7915444,dpEX
1.5,0.08133463,0.24592844,VLMC
1.5,0.1064011,0.6533716,MSN
1.5,0.14120138,0.24592844,MSN
1.5,0.19497457,0.24592844,mpEX
1.5,0.19142167,0.24592844,MSN
1.5,0.17329495,0.24592844,sfrpEGC
1.5,0.19490144,0.5456466,dpEX
1.5,0.1615146,0.86769074,MSN
1.5,0.103554085,0.5599031,obNBL
1.5,0.16192746,0.24592844,VLMC
1.5,0.035309434,0.6200476,scgnIN
1.5,0.09347358,0.24592844,MSN
1.5,0.16002145,0.46198344,MSN
1.5,0.117351025,1.0644232,MSN
1.5,0.23260841,0.24592844,reaEGC
1.5,0.083844095,0.24592844,MSN
1.5,0.06917122,0.5584202,MSN
1.5,0.10226883,1.0495712,MSN
1.5,0.08881979,0.5282888,MSN
1.5,0.11804554,0.30627748,mpEX
1.5,-0.029546706,0.24592844,MSN
1.5,0.13651705,1.0530086,wntEGC
1.5,0.05180364,0.33429173,tlNBL
1.5,0.0034004059,0.5809502,MSN
1.5,0.17778356,0.24592844,CMPN
1.5,0.27096745,0.24592844,tlNBL
1.5,0.18412304,1.2443411,mpEX
1.5,0.19142167,0.24592844,MSN
1.5,0.15758878,0.24592844,VLMC
1.5,0.16611165,0.24592844,VLMC
1.5,0.21467528,0.24592844,MSN
1.5,0.1821846,0.24592844,MSN
1.5,0.24918008,0.75669944,CMPN
1.5,0.19448784,0.24592844,VLMC
1.5,0.15757135,0.24592844,wntEGC
1.5,0.2017179,0.24592844,obNBL
1.5,0.17855452,0.24592844,CMPN
1.5,0.20549676,0.40533248,obNBL
1.5,0.174562,2.1910806,scgnIN
1.5,0.1716468,0.24592844,wntEGC
1.5,0.102796674,0.63829565,MSN
1.5,0.21585082,0.40149778,mpEX
1.5,0.22243832,0.96524805,wntEGC
1.5,0.14341934,0.24592844,wntEGC
1.5,0.07233744,1.9360145,scgnIN
1.5,0.18315697,0.24592844,scgnIN
1.5,0.2258286,0.5314513,obNBL
1.5,0.16891325,0.3513727,wntEGC
1.5,0.26931748,0.24592844,tlNBL
1.5,0.10143742,0.24592844,MSN
1.5,0.08852564,0.7943908,obNBL
1.5,0.25278878,0.24592844,tlNBL
1.5,0.06777882,1.3155669,dpEX
1.5,0.10106425,0.6756501,tlNBL
1.5,0.15431245,0.24592844,ribEGC
1.5,0.12556691,1.6941218,obNBL
1.5,0.068695486,0.40327278,MSN
1.5,0.13367309,0.5795493,MSN
1.5,0.09388636,0.41272268,CMPN
1.5,0.097719885,0.24592844,wntEGC
1.5,0.20371912,0.34310886,nptxEX
1.5,0.07204015,0.46899912,obNBL
1.5,0.1435957,0.42270514,MSN
1.5,0.19255774,0.40424308,MSN
1.5,0.09284203,0.24592844,wntEGC
1.5,0.043362036,0.44762865,MSN
1.5,0.13492967,0.24592844,VLMC
1.5,0.36986405,0.24592844,VLMC
1.5,0.32357273,0.24592844,sfrpEGC
1.5,0.15889108,0.24592844,MSN
1.5,0.21095765,0.24592844,reaEGC
1.5,0.073385864,0.46571478,MSN
1.5,0.057427295,0.24592844,nptxEX
1.5,0.18191923,0.88026553,mpEX
1.5,0.150866,0.3594758,dpEX
1.5,0.037976354,0.24592844,MSN
1.5,0.13709632,0.24592844,mpEX
1.5,0.121969156,0.24592844,CMPN
1.5,0.12007395,0.24592844,mpEX
1.5,0.19254959,0.54498357,VLMC
1.5,0.07844903,0.6500063,nptxEX
1.5,0.022945821,0.94110984,MSN
1.5,0.15746775,0.24592844,wntEGC
1.5,0.25350147,1.0395515,tlNBL
1.5,0.10116991,0.4102963,MSN
1.5,0.33138642,0.48263615,CMPN
1.5,0.2510147,0.24592844,reaEGC
1.5,0.024361813,0.63373655,nptxEX
1.5,0.17727807,0.24592844,tlNBL
1.5,0.11184544,0.24592844,VLMC
1.5,0.19219728,0.3954264,dpEX
1.5,0.33949104,0.24592844,mpEX
1.5,0.11028987,0.36312938,dpEX
1.5,0.09259501,0.5630409,dpEX
1.5,0.06493954,0.7645652,VLMC
1.5,0.13153449,0.24592844,dpEX
1.5,0.109993756,0.24592844,dpEX
1.5,0.010841053,0.24592844,MSN
1.5,0.22684133,0.5016338,dpEX
1.5,0.14347382,0.43456882,MSN
1.5,0.06265347,0.31750357,nptxEX
1.5,0.13479725,0.47905904,MSN
1.5,0.18427497,0.24592844,MSN
1.5,0.15315261,0.5027531,VLMC
1.5,0.16210964,0.3508079,mpEX
1.5,0.27663672,1.094393,MSN
1.5,0.25441182,1.1359823,MSN
1.5,0.09422094,0.24592844,MSN
1.5,0.051390935,0.24592844,obNBL
1.5,0.25730747,0.787561,CMPN
1.5,0.21218303,1.0218264,nptxEX
1.5,-0.041391376,0.6131944,obNBL
1.5,0.12976176,0.24592844,mpEX
1.5,0.16482386,0.24592844,obNBL
1.5,0.1098441,0.8825428,MSN
1.5,0.07287627,0.24592844,dpEX
1.5,0.16621792,0.5617847,nptxEX
1.5,0.15584129,0.6256161,VLMC
1.5,0.14586604,0.24592844,obNBL
1.5,0.19090128,0.86053175,nptxEX
1.5,0.23157158,0.24592844,mpEX
1.5,0.084264174,0.32672903,mpEX
1.5,0.11659102,0.821685,scgnIN
1.5,0.08686411,0.87004113,nptxEX
1.5,0.046462465,0.24592844,mpEX
1.5,0.21466,0.24592844,wntEGC
1.5,0.13187957,0.24592844,wntEGC
1.5,0.22652431,0.5841676,cckIN
1.5,0.09646483,0.45125493,nptxEX
1.5,0.14174446,0.4226259,wntEGC
1.5,0.14397547,0.47721112,nptxEX
1.5,0.101550885,0.24592844,dpEX
1.5,0.12609851,0.9940786,dpEX
1.5,0.15891495,0.41038138,dpEX
1.5,0.23720935,0.24592844,mpEX
1.5,0.165758,0.24592844,CMPN
1.5,0.1992499,0.24592844,tlNBL
1.5,0.281044,1.344667,CMPN
1.5,0.17955215,0.6184133,dpEX
1.5,0.19458918,0.37390772,dpEX
1.5,0.13606964,0.41982618,wntEGC
1.5,0.15779275,0.24592844,dpEX
1.5,0.1632754,0.24592844,obNBL
1.5,0.15310884,0.47444344,wntEGC
1.5,0.12725796,0.24592844,VLMC
1.5,0.18559249,0.24592844,MSN
1.5,0.12487813,0.38388216,tlNBL
1.5,0.21443625,0.24592844,MSN
1.5,0.31166816,0.24592844,sfrpEGC
1.5,0.27860737,1.3299422,CMPN
1.5,0.14639144,0.48093373,MSN
1.5,0.11597543,0.24592844,dpEX
1.5,0.18789004,0.24592844,mpEX
1.5,0.24550797,0.24592844,mpEX
1.5,0.15278146,0.24592844,dpEX
1.5,0.26469696,0.24592844,sfrpEGC
2.0,0.16367649,0.24592844,sstIN
2.0,-0.086837344,0.24592844,cckIN
2.0,0.33126503,0.24592844,scgnIN
2.0,-0.055692017,0.24592844,MSN
2.0,0.1526464,0.24592844,VLMC
2.0,0.20186391,0.24592844,reaEGC
2.0,0.30796075,0.24592844,reaEGC
2.0,0.1743095,0.24592844,scgnIN
2.0,0.17715454,0.24592844,CMPN
2.0,0.10408451,0.24592844,MSN
2.0,0.2417661,0.24592844,CMPN
2.0,0.051357802,0.24592844,VLMC
2.0,0.19943117,0.24592844,npyIN
2.0,0.15275171,0.5302679,MSN
2.0,0.21837623,0.30274063,tlNBL
2.0,0.21600014,0.24592844,tlNBL
2.0,0.19967067,0.24592844,VLMC
2.0,0.11691842,0.24592844,nptxEX
2.0,0.19548398,0.24592844,tlNBL
2.0,0.11018484,0.5580243,cckIN
2.0,0.1325206,0.24592844,mpEX
2.0,-0.11062409,0.63384783,MSN
2.0,0.16108298,0.24592844,mpEX
2.0,0.1576381,0.46014255,tlNBL
2.0,0.12693587,0.24592844,scgnIN
2.0,-0.025555437,0.24592844,VLMC
2.0,0.18758833,0.24592844,sstIN
2.0,0.10085384,0.24592844,scgnIN
2.0,0.12200667,0.24592844,tlNBL
2.0,0.09722268,0.873292,wntEGC
2.0,0.2399592,0.24592844,reaEGC
2.0,-0.02959168,0.24592844,MSN
2.0,0.19969775,0.45640013,MSN
2.0,0.10853478,0.24592844,MSN
2.0,0.13020703,0.24592844,VLMC
2.0,0.12432014,0.37034553,mpEX
2.0,0.022607854,0.48864824,MSN
2.0,0.10423826,0.24592844,VLMC
2.0,0.21245955,0.24592844,CMPN
2.0,0.12911649,0.24592844,mpEX
2.0,0.04313405,0.24592844,VLMC
2.0,0.09586914,0.24592844,MSN
2.0,0.28601748,0.24592844,CMPN
2.0,0.0810269,0.24592844,MSN
2.0,0.11322039,0.24592844,npyIN
2.0,-0.012621626,0.24592844,MSN
2.0,0.3609923,0.24592844,reaEGC
2.0,0.1070272,0.24592844,npyIN
2.0,0.15894504,0.4311244,MCG
2.0,0.041168123,0.8556168,cckIN
2.0,0.3035636,0.24592844,tlNBL
2.0,0.024554517,0.24592844,MSN
2.0,0.1624488,0.41895232,tlNBL
2.0,0.09148788,0.24592844,MSN
2.0,0.13774876,0.24592844,VLMC
2.0,0.066402055,0.24592844,MSN
2.0,0.18995067,0.24592844,reaEGC
2.0,-0.07480454,0.24592844,MSN
2.0,0.12417769,0.24592844,obNBL
2.0,0.119142175,0.24592844,npyIN
2.0,0.035822388,0.24592844,VLMC
2.0,0.09534432,0.24592844,obNBL
2.0,0.17645624,0.3749571,cckIN
2.0,0.041484416,0.24592844,scgnIN
2.0,0.1804567,0.35266742,CMPN
2.0,0.18994308,0.24592844,VLMC
2.0,0.039880507,0.24592844,mpEX
2.0,0.035183117,1.7249824,MSN
2.0,0.13487214,0.24592844,VLMC
2.0,0.15665074,0.24592844,nptxEX
2.0,0.35457218,0.24592844,reaEGC
2.0,0.11448614,0.24592844,tlNBL
2.0,0.07119287,0.24592844,mpEX
2.0,0.27542263,0.24592844,mpEX
2.0,0.24279359,0.24592844,CMPN
2.0,0.24809487,0.24592844,reaEGC
2.0,0.11894166,0.24592844,mpEX
2.0,0.19365433,0.24592844,MSN
2.0,0.06850216,0.24592844,dpEX
2.0,0.13894422,0.24592844,VLMC
2.0,0.12278494,0.4661209,cckIN
2.0,0.18894812,0.24592844,VLMC
2.0,0.04422766,0.24592844,nptxEX
2.0,-0.04968166,1.2863232,MSN
2.0,0.07118206,0.9293371,scgnIN
2.0,0.18578206,0.24592844,CP
2.0,0.16533592,0.24592844,VLMC
2.0,0.15384108,0.24592844,tlNBL
2.0,0.22649488,0.24592844,scgnIN
2.0,0.110274225,0.24592844,VLMC
2.0,0.021474425,0.4395839,nptxEX
2.0,0.11302315,0.24592844,MSN
2.0,0.1231114,0.24592844,MSN
2.0,0.10889335,0.24592844,cckIN
2.0,0.26806355,0.24592844,sstIN
2.0,0.039981734,0.3965134,wntEGC
2.0,-0.035954043,0.24592844,MSN
2.0,0.076241255,0.24592844,MSN
2.0,-0.01980228,0.5571737,MSN
2.0,0.10026847,0.24592844,CP
2.0,0.121866755,0.24592844,wntEGC
2.0,0.065798,0.24592844,obNBL
2.0,0.039953634,0.24592844,tlNBL
2.0,0.18776712,0.38549662,MSN
2.0,0.08256975,0.24592844,VLMC
2.0,0.18878636,0.24592844,sstIN
2.0,0.17081437,0.35990286,tlNBL
2.0,0.15009537,0.24592844,VLMC
2.0,0.0765181,0.24592844,MSN
2.0,0.28955108,0.24592844,tlNBL
2.0,-0.032165907,0.24592844,MSN
2.0,0.12515491,0.24592844,mpEX
2.0,0.20704204,0.24592844,mpEX
2.0,0.3509703,0.24592844,sfrpEGC
2.0,0.19641557,0.24592844,tlNBL
2.0,0.21511883,0.24592844,MSN
2.0,0.13173826,0.24592844,dpEX
2.0,-0.031865574,0.24592844,obNBL
2.0,0.25302792,0.24592844,reaEGC
2.0,0.11783463,0.24592844,tlNBL
2.0,0.05019285,0.24592844,MSN
2.0,0.11117424,0.24592844,tlNBL
2.0,0.14381522,0.24592844,tlNBL
2.0,0.11196261,0.4276845,dpEX
2.0,0.22927356,0.24592844,reaEGC
2.0,0.22180732,0.43546495,sfrpEGC
2.0,0.06277335,0.5571131,obNBL
2.0,0.077537544,0.24592844,nptxEX
2.0,0.042396504,0.24592844,VLMC
2.0,0.13352036,0.4447592,obNBL
2.0,0.17625278,0.24592844,MCG
2.0,-0.022497952,0.24592844,MSN
2.0,0.030256988,1.2656871,MSN
2.0,0.294262,0.24592844,reaEGC
2.0,-0.011507418,0.24592844,cckIN
2.0,0.09672731,1.4452559,MSN
2.0,0.41304356,0.24592844,reaEGC
2.0,0.16422781,0.24592844,tlNBL
2.0,0.18492359,0.24592844,MSN
2.0,0.0909964,0.24592844,MCG
2.0,-0.025646772,0.602443,sstIN
2.0,0.17169511,0.3283628,sfrpEGC
2.0,0.15373021,0.7448718,tlNBL
2.0,0.31389266,0.24592844,reaEGC
2.0,0.14609542,0.32121083,mpEX
2.0,0.15015441,0.32369974,wntEGC
2.0,0.018001929,0.24592844,MSN
2.0,0.13419712,0.24592844,nptxEX
2.0,-0.010918602,0.36410558,nptxEX
2.0,0.34683472,0.24592844,reaEGC
2.0,0.098534435,0.4603074,sstIN
2.0,0.17461456,0.24592844,cckIN
2.0,0.09976154,0.32658917,nptxEX
2.0,0.05907532,0.24592844,obNBL
2.0,0.11238371,0.24592844,sfrpEGC
2.0,0.062262144,0.24592844,sfrpEGC
2.0,0.07542514,0.24592844,dpEX
2.0,-0.08689289,0.41265833,cckIN
2.0,0.062165666,0.62477344,tlNBL
2.0,0.015220016,0.24592844,VLMC
2.0,0.051355623,0.60988104,MSN
2.0,-0.029126696,0.24592844,mpEX
2.0,-0.06689943,0.24592844,cckIN
2.0,0.1440614,0.24592844,VLMC
2.0,-0.0920504,0.24592844,cckIN
2.0,0.11381332,1.0315157,wntEGC
2.0,-0.0030688941,0.49776337,MSN
2.0,0.017662156,0.9430352,MSN
2.0,0.03243287,0.45999825,MSN
2.0,0.16926263,0.24592844,CP
2.0,0.11423519,0.24592844,tlNBL
2.0,0.2500873,0.24592844,npyIN
2.0,0.19023329,0.24592844,tlNBL
2.0,-0.094266616,1.4565513,MSN
2.0,0.28463537,0.24592844,CMPN
2.0,0.15905339,0.24592844,CMPN
2.0,0.06893109,0.6992428,mpEX
2.0,0.052240144,0.8088031,MSN
2.0,0.28372967,0.47358885,MSN
2.0,0.24693951,0.24592844,sfrpEGC
2.0,0.13263904,0.24592844,mpEX
2.0,0.036948185,0.24592844,VLMC
2.0,0.022616683,0.24592844,nptxEX
2.0,0.013460172,0.7211967,scgnIN
2.0,0.23637679,0.24592844,CMPN
2.0,0.18586056,0.24592844,sfrpEGC
2.0,0.25971195,0.36780113,CMPN
2.0,0.13325623,0.34285563,sstIN
2.0,0.070036076,0.24592844,VLMC
2.0,0.25124466,0.24592844,tlNBL
2.0,0.10091026,0.24592844,VLMC
2.0,0.13309853,0.24592844,npyIN
2.0,0.13826352,0.24592844,mpEX
2.0,0.09262322,0.24592844,obNBL
2.0,0.06978534,1.0650355,obNBL
2.0,0.009232236,2.0180678,MSN
2.0,0.1930444,0.8627977,VLMC
2.0,0.21163693,0.24592844,mpEX
2.0,0.04026588,0.51231784,dpEX
2.0,0.13140154,0.81488925,VLMC
2.0,0.0879696,0.24592844,scgnIN
2.0,0.075427264,0.72486854,MSN
2.0,0.1355938,0.24592844,mpEX
2.0,-0.0011143684,0.24592844,VLMC
2.0,0.035548527,0.24592844,mpEX
2.0,0.09376159,0.24592844,mpEX
2.0,-0.040871724,0.24592844,VLMC
2.0,0.24921039,0.24592844,npyIN
2.0,0.2699176,1.4730135,CMPN
2.0,0.10765102,0.24592844,VLMC
2.0,0.17216794,1.3972988,obNBL
2.0,-0.018543728,0.6649898,cckIN
2.0,0.22828771,0.24592844,mpEX
2.0,0.13642648,0.24592844,VLMC
2.0,0.267897,0.24592844,VLMC
2.0,0.019976571,0.24592844,VLMC
2.0,-0.010912623,0.24592844,mpEX
2.0,0.03767624,0.24592844,scgnIN
2.0,0.11646348,0.40210074,tlNBL
2.0,0.19959885,0.24592844,CMPN
2.0,0.19144951,0.34018585,npyIN
2.0,0.10411359,0.24592844,obNBL
2.0,0.090134636,0.24592844,tlNBL
2.0,0.185664,0.24592844,VLMC
2.0,0.09286075,0.24592844,mpEX
2.0,0.10567642,0.24592844,CMPN
2.0,0.23839225,0.24592844,VLMC
2.0,0.108301446,0.24592844,sstIN
2.0,0.046189442,0.24592844,VLMC
2.0,0.12624082,0.24592844,CMPN
2.0,0.11735526,0.24592844,MSN
2.0,-0.050908305,0.24592844,MSN
2.0,-0.0659187,0.4296616,MSN
2.0,0.15599298,0.39167565,tlNBL
2.0,0.085351236,0.24592844,MCG
2.0,0.13460204,0.60005194,VLMC
2.0,0.051265366,0.24592844,obNBL
2.0,0.028137758,0.24592844,cckIN
2.0,0.10068512,0.24592844,scgnIN
2.0,0.039657384,0.30390307,tlNBL
2.0,0.1170544,0.24592844,scgnIN
2.0,0.20416676,0.3709953,MSN
2.0,-0.14471674,1.1035372,scgnIN
2.0,0.15876937,0.24592844,CMPN
2.0,0.13693416,0.24592844,VLMC
2.0,0.1758922,0.24592844,VLMC
2.0,-0.040092904,1.1562961,MSN
2.0,0.12100128,0.29273057,IMN
2.0,0.07028743,0.24592844,tlNBL
2.0,-0.02040141,0.24592844,VLMC
2.0,-0.06310537,0.8214226,MSN
2.0,0.08200088,0.24592844,mpEX
2.0,0.14329645,0.24592844,sfrpEGC
2.0,0.030484058,0.24592844,nptxEX
2.0,0.14075793,0.3332068,IMN
2.0,0.057339,0.4463505,mpEX
2.0,0.074956425,0.7628372,tlNBL
2.0,0.07514581,0.24592844,wntEGC
2.0,0.2556871,0.24592844,reaEGC
2.0,0.022335485,0.24592844,MSN
2.0,0.14938682,2.3187344,MSN
2.0,-0.04328885,0.24592844,obNBL
2.0,0.057965282,0.45426837,CP
2.0,0.12451855,0.24592844,wntEGC
2.0,0.0800686,0.24592844,dpEX
2.0,-0.036826048,0.24592844,nptxEX
2.0,0.17587924,0.24592844,mpEX
2.0,0.28624558,0.24592844,tlNBL
2.0,0.15187697,0.24592844,CMPN
2.0,0.28093684,0.4236976,CMPN
2.0,0.16594055,0.24592844,MCG
2.0,0.07263562,0.24592844,VLMC
2.0,0.15474488,0.24592844,scgnIN
2.0,0.186512,0.24592844,sfrpEGC
2.0,0.22674736,0.24592844,mpEX
2.0,0.122821674,0.24592844,VLMC
2.0,0.087311186,1.423016,obNBL
2.0,0.11579986,0.24592844,dpEX
2.0,0.16548073,0.24592844,MSN
2.0,0.112232044,0.24592844,VLMC
2.0,0.07025032,0.46671203,wntEGC
2.0,0.084449895,1.2403907,obNBL
2.0,0.37516892,0.24592844,reaEGC
2.0,0.21459109,0.24592844,VLMC
2.0,0.10201548,0.24592844,VLMC
2.0,-0.001958117,0.37921023,tlNBL
2.0,-0.023487777,0.24592844,MSN
2.0,0.113468416,0.98722714,scgnIN
2.0,0.059156023,0.24592844,VLMC
2.0,0.16607808,0.4988515,tlNBL
2.0,0.1495548,0.24592844,npyIN
2.0,-0.04373016,0.24592844,cckIN
2.0,-0.03343057,0.81436765,MSN
2.0,0.04752039,0.3403567,nptxEX
2.0,0.1673201,0.24592844,MSN
2.0,0.13061993,0.24592844,mpEX
2.0,0.17353578,0.24592844,MSN
2.0,-0.082676545,0.24592844,obNBL
2.0,0.14813209,0.24592844,CMPN
2.0,0.082701914,0.24592844,tlNBL
2.5,-0.07111628,0.43283054,MSN
2.5,0.122731745,0.24592844,nptxEX
2.5,0.10044045,0.24592844,MSN
2.5,-0.0706613,0.5860403,MSN
2.5,0.12419653,0.24592844,sfrpEGC
2.5,0.035167284,0.24592844,CMPN
2.5,-0.047914047,0.34531596,MSN
2.5,0.044527937,0.24592844,reaEGC
2.5,-0.02852447,0.24592844,MSN
2.5,-0.062321752,0.24592844,wntEGC
2.5,-0.006125629,0.24592844,nptxEX
2.5,-0.029192943,0.30972832,dpEX
2.5,-0.1014177,0.24592844,MSN
2.5,-0.05774746,0.625297,MSN
2.5,-0.13199103,0.24592844,reaEGC
2.5,-0.030848693,0.24592844,reaEGC
2.5,-0.0065283366,0.24592844,VLMC
2.5,0.096986614,1.150133,MSN
2.5,0.2011427,0.34080008,sfrpEGC
2.5,-0.03505339,0.7683417,dpEX
2.5,-0.058128513,0.6302453,MSN
2.5,-0.26492575,0.24592844,reaEGC
2.5,-0.03238779,0.31840447,nptxEX
2.5,0.042388868,0.24592844,VLMC
2.5,0.094599806,0.33905545,IMN
2.5,0.16213508,0.24592844,sfrpEGC
2.5,0.07234414,0.24592844,dpEX
2.5,0.24369875,0.38778296,wntEGC
2.5,0.094343394,0.24592844,VLMC
2.5,0.056084044,0.34117696,wntEGC
2.5,-0.07880742,0.24592844,VLMC
2.5,-0.12368107,0.24592844,nptxEX
2.5,-0.049239665,0.2962265,MSN
2.5,-0.033169266,0.31881097,nptxEX
2.5,-0.023795772,0.24592844,IMN
2.5,-0.03842164,1.067177,MSN
2.5,0.00872192,0.24592844,MSN
2.5,-0.029884744,0.35808668,nptxEX
2.5,0.045727223,0.24592844,CMPN
2.5,0.00014803559,0.37674147,dpEX
2.5,0.08029333,0.30454624,mpEX
2.5,-0.1366053,1.6050174,MSN
2.5,0.1465141,0.24592844,VLMC
2.5,0.00939538,0.24592844,dpEX
2.5,-0.03733256,0.24592844,sfrpEGC
2.5,-0.050254256,0.24592844,CMPN
2.5,-0.03712509,0.30939412,nptxEX
2.5,0.0009255819,0.24592844,mpEX
2.5,0.04156494,0.24592844,MSN
2.5,0.37326172,0.24592844,VLMC
2.5,0.0062979124,0.24592844,wntEGC
2.5,0.057256766,0.24592844,ribEGC
2.5,-0.16115811,0.24592844,CMPN
2.5,-0.020035796,0.24592844,nptxEX
2.5,-0.20424993,0.24592844,wntEGC
2.5,-0.12755454,0.77877367,CMPN
2.5,0.015858322,0.24592844,nptxEX
2.5,0.07886386,0.89346266,dpEX
2.5,0.0012987517,0.42201573,dpEX
2.5,0.20257777,0.24592844,scgnIN
2.5,0.06625634,0.38737687,nptxEX
2.5,0.08645115,0.24592844,sfrpEGC
2.5,0.08381076,0.32333,dpEX
2.5,-0.053974673,0.31730723,nptxEX
2.5,-0.076856054,0.40941703,nptxEX
2.5,-0.016222525,0.24592844,nptxEX
2.5,0.04971842,0.24592844,mpEX
2.5,0.112362675,0.24592844,CMPN
2.5,-0.18477604,0.24592844,MSN
2.5,-0.036683388,0.3374314,nptxEX
2.5,-0.07864426,0.36836922,nptxEX
2.5,0.01181191,0.29439324,mpEX
2.5,0.06430753,0.24592844,MSN
2.5,0.13474005,0.24592844,dpEX
2.5,-0.12006736,0.24592844,MSN
2.5,0.15287967,0.24592844,VLMC
2.5,0.049695063,0.92542976,wntEGC
2.5,-0.050722893,0.24592844,mpEX
2.5,0.17835438,0.3230045,VLMC
2.5,0.01068436,0.24592844,VLMC
2.5,-0.018995542,0.24592844,CMPN
2.5,0.037392493,0.24592844,npyIN
2.5,-0.016505104,0.36160508,nptxEX
2.5,0.07064836,0.35376668,CMPN
2.5,0.14927441,0.24592844,dpEX
2.5,-0.09124849,0.24592844,wntEGC
2.5,-0.0012577511,0.5464183,VLMC
2.5,0.17979985,0.24592844,wntEGC
2.5,0.26703236,0.24592844,CMPN
2.5,-0.06292299,0.7829976,IMN
2.5,0.20879507,0.34296852,mpEX
2.5,0.21533576,0.32743087,mpEX
2.5,0.025413245,0.24592844,VLMC
2.5,0.057278436,0.33404717,sfrpEGC
2.5,-0.050281428,0.24592844,MSN
2.5,-0.033371717,0.24592844,reaEGC
2.5,-0.12293552,0.37956408,VLMC
2.5,0.12011407,0.3409961,npyIN
2.5,0.08066845,0.24592844,MCG
2.5,-0.047327522,0.24592844,CMPN
2.5,-0.23775953,0.3415815,sfrpEGC
2.5,0.11443025,0.24592844,sfrpEGC
2.5,0.011456795,0.3213436,VLMC
2.5,-0.0379614,0.30701232,mpEX
2.5,-0.2420329,0.24592844,VLMC
2.5,0.16001567,0.24592844,mpEX
2.5,-0.15169403,0.24592844,VLMC
2.5,0.1276695,0.24592844,MSN
2.5,0.19710188,0.24592844,npyIN
2.5,0.07886386,0.89346266,dpEX
2.5,-0.03099826,0.35440472,MSN
2.5,0.09871405,0.24592844,CMPN
2.5,0.07779859,0.24592844,mpEX
2.5,0.035936933,0.24592844,mpEX
2.5,-0.13919643,0.28974232,MSN
2.5,0.16564555,0.24592844,MSN
2.5,0.10072621,0.28736258,nptxEX
2.5,-0.0019970015,0.24592844,CMPN
2.5,-0.019075003,0.24592844,reaEGC
2.5,-0.099229805,0.24592844,VLMC
2.5,0.10673033,0.3173849,MSN
2.5,0.1859122,0.8843077,IMN
2.5,-0.09169643,0.24592844,nptxEX
2.5,0.087269716,0.24592844,MCG
2.5,0.0030097552,0.37594855,MSN
2.5,-0.03100088,0.24592844,reaEGC
2.5,0.09570773,0.24592844,mpEX
2.5,-0.10218593,0.24592844,sfrpEGC
2.5,-0.032810397,0.68264705,VLMC
2.5,-0.099304765,0.35341072,nptxEX
2.5,0.010219187,0.24592844,mpEX
2.5,-0.30609712,0.24592844,MSN
2.5,0.07695399,0.93014586,sfrpEGC
2.5,0.12372972,0.24592844,dpEX
2.5,-0.0013952553,1.4116614,MSN
2.5,0.066678524,0.28811517,CMPN
2.5,0.11936797,0.24592844,wntEGC
2.5,0.08588634,0.24592844,mpEX
2.5,0.061744496,0.31964013,MSN
2.5,0.053328633,0.3492062,sfrpEGC
2.5,-0.045392506,0.45556477,nptxEX
2.5,0.09715453,0.469383,dpEX
2.5,0.002437137,0.24592844,MSN
2.5,0.050815675,0.36361286,nptxEX
2.5,-0.0650818,0.38660538,nptxEX
2.5,0.08652042,0.24592844,MSN
2.5,0.14927441,0.24592844,dpEX
2.5,0.0050999895,0.3282724,mpEX
2.5,0.13708062,0.33858603,MSN
2.5,-0.067168854,0.43890163,nptxEX
2.5,-0.11726799,0.38016465,reaEGC
2.5,0.10310128,0.24592844,MSN
2.5,-0.0007770099,0.32759225,nptxEX
2.5,-0.055666238,0.24592844,reaEGC
2.5,0.19993106,0.4471571,CMPN
2.5,0.13562772,0.24592844,MSN
2.5,0.107222214,0.24592844,MSN
2.5,0.059754573,0.24592844,sstIN
2.5,-0.020550694,0.6780131,VLMC
2.5,0.047621533,0.24592844,wntEGC
2.5,-0.2005066,0.39066833,MSN
2.5,0.17252804,0.24592844,VLMC
2.5,0.042388868,0.24592844,VLMC
2.5,-0.019466631,0.24592844,nptxEX
2.5,-0.028010866,0.64285606,MSN
2.5,-0.05103533,0.24592844,MSN
2.5,0.0683929,0.3166744,nptxEX
2.5,0.04147708,0.28446907,IMN
2.5,0.03347656,0.24592844,MSN
2.5,-0.022427201,0.24592844,MSN
2.5,-0.14479238,0.24592844,wntEGC
2.5,-0.010753255,0.41076246,nptxEX
2.5,0.057524487,0.24592844,sfrpEGC
2.5,0.0021922216,0.24592844,IMN
2.5,0.015154563,0.24592844,MSN
2.5,0.07457994,0.32092535,dpEX
2.5,0.053393435,0.24592844,npyIN
2.5,0.24369875,0.38778296,wntEGC
2.5,-0.00052512065,0.24592844,CMPN
2.5,0.028347816,0.32179615,MSN
2.5,0.084350966,0.24592844,CMPN
2.5,0.05221531,0.24592844,wntEGC
2.5,0.09322505,0.4458368,ribEGC
2.5,-0.079146184,0.37549493,MSN
2.5,-0.13652332,0.24592844,nptxEX
2.5,0.08124005,0.27703172,mpEX
2.5,0.11606829,0.24592844,nptxEX
2.5,0.04448554,0.24592844,dpEX
2.5,-0.055553496,0.24592844,dpEX
2.5,-0.0009877235,0.24592844,mpEX
2.5,0.1512438,0.7766286,CMPN
2.5,0.022521112,0.24592844,dpEX
2.5,-0.056177005,0.54819435,CMPN
2.5,-0.03768424,0.24592844,rIPC2
2.5,-0.008074213,0.24592844,scgnIN
2.5,-0.022604514,0.24592844,mpEX
2.5,0.041024134,0.24592844,CMPN
2.5,0.023621,0.24592844,mpEX
2.5,0.20879507,0.34296852,mpEX
2.5,0.058810912,0.8986394,wntEGC
2.5,0.07253684,0.9277369,sfrpEGC
2.5,-0.12517086,0.24592844,dpEX
2.5,0.13681513,0.24592844,CMPN
2.5,-0.09535313,0.4148229,MSN
2.5,-0.0033410676,0.24592844,MSN
2.5,0.128005,0.24592844,dpEX
2.5,-0.037320055,0.24592844,sfrpEGC
2.5,-0.100652315,0.24592844,CMPN
2.5,-0.08850079,0.87167764,dpEX
2.5,0.09102014,0.24592844,sfrpEGC
2.5,0.12459658,0.24592844,mpEX
2.5,0.10879935,0.60476184,nptxEX
2.5,-0.19705313,0.24592844,wntEGC
2.5,-0.052800696,0.24592844,sfrpEGC
2.5,0.15713806,0.24592844,VLMC
2.5,0.00913595,0.24592844,dpEX
2.5,0.028616074,0.24592844,VLMC
2.5,0.04820617,0.33348855,MSN
2.5,0.19593993,0.24592844,CMPN
2.5,0.06559488,0.24592844,MSN
2.5,-0.18067122,0.24592844,VLMC
2.5,0.0466551,0.24592844,IMN
2.5,0.06735988,0.35607633,MSN
2.5,0.14076819,0.24592844,npyIN
2.5,0.010752093,0.6944949,sfrpEGC
2.5,0.056055225,0.34036624,MSN
2.5,0.061420992,0.35067046,wntEGC
2.5,0.20120984,0.44662938,CMPN
2.5,0.049018256,0.24592844,IMN
2.5,0.16765608,0.24592844,CMPN
2.5,-0.14373282,0.875441,MSN
2.5,-0.050130144,0.24592844,MSN
2.5,0.10135436,0.24592844,mpEX
2.5,0.11507226,0.44230637,sstIN
2.5,-0.16846395,0.24592844,dpEX
2.5,0.048854336,0.83496404,mpEX
2.5,0.114186935,0.24592844,CMPN
2.5,0.09207676,0.24592844,sstIN
2.5,-0.06828544,0.31435522,nptxEX
2.5,-0.04689918,0.24592844,CMPN
2.5,-0.013890922,0.24592844,sstIN
2.5,0.0048198737,0.43737608,MSN
2.5,0.039141912,0.24592844,mpEX
2.5,0.07052004,0.2963692,MSN
2.5,0.08272223,0.24592844,MSN
2.5,-0.060597282,0.24592844,nptxEX
2.5,0.04826521,0.24592844,mpEX
2.5,0.055363685,0.24592844,sfrpEGC
2.5,0.10073073,0.24592844,dpEX
2.5,0.014431175,0.34407347,MSN
2.5,-0.16619551,0.24592844,MSN
2.5,-0.13830154,1.1421449,CMPN
2.5,-0.15702586,0.59386545,MSN
2.5,-0.14022467,0.54525036,MSN
2.5,0.14261755,0.3708167,dpEX
2.5,-0.06935272,0.3655478,MSN
2.5,0.012218006,1.5695614,dpEX
2.5,-0.106931195,0.24592844,MSN
2.5,0.020057244,0.4375044,MSN
2.5,0.038885042,0.3527482,sstIN
2.5,-0.07083308,0.3788379,nptxEX
2.5,0.16417523,0.24592844,CMPN
2.5,0.07140794,0.27971,CMPN
2.5,-0.3165595,1.154916,VLMC
2.5,-0.0015975647,0.40533808,MSN
2.5,0.08186476,0.45800185,wntEGC
2.5,-0.060678884,0.30577806,IMN
2.5,-0.24516866,0.24592844,VLMC
2.5,-0.018850379,0.3352665,MSN
2.5,0.027500361,0.24592844,MCG
2.5,0.089557,0.24592844,reaEGC
2.5,0.042718217,0.24592844,mpEX
2.5,0.15129259,0.9867167,mpEX
2.5,-0.11880855,0.24592844,VLMC
2.5,-0.13454574,0.24592844,CP
2.5,0.117065676,0.44839913,sstIN
2.5,-0.009669203,0.45142493,CMPN
2.5,-0.1335783,0.73096746,nptxEX
2.5,-0.06408082,0.29981327,nptxEX
2.5,-0.07541643,0.38417763,MSN
2.5,0.05581575,0.24592844,nptxEX
2.5,0.038248673,0.3202686,MSN
2.5,-0.090196125,1.0426687,MSN
2.5,-0.1445541,0.24592844,MSN
2.5,-0.084903054,0.24592844,VLMC
2.5,0.05906257,0.31797948,nptxEX
2.5,-0.00483945,0.42283413,nptxEX
2.5,0.1023244,0.24592844,sfrpEGC
2.5,0.16650552,0.24592844,VLMC
2.5,0.11929207,0.33624142,npyIN
2.5,0.05728381,0.24592844,MSN
2.5,0.05051992,0.3442945,nptxEX
2.5,-0.04076642,0.41985467,MSN
2.5,0.09274531,0.24592844,MSN
2.5,0.079360045,0.3059334,mpEX
2.5,-0.18680263,0.3700265,MSN
2.5,0.062924676,0.24592844,npyIN
2.5,0.055623934,0.332156,sfrpEGC
2.5,0.0985912,0.7019163,MSN
2.5,0.059269473,0.24592844,MSN
3.0,0.13747147,0.33096305,sstIN
3.0,-0.085934475,0.3876513,nptxEX
3.0,0.06285174,0.46370986,CMPN
3.0,0.12337335,0.24592844,reaEGC
3.0,-0.0319435,0.24592844,rIPC2
3.0,0.05784586,0.3065667,CMPN
3.0,0.1680998,0.24592844,sstIN
3.0,0.12046221,0.24592844,wntEGC
3.0,-0.01190741,0.24592844,npyIN
3.0,0.12610134,0.24592844,ribEGC
3.0,0.17254649,0.24592844,rIPC2
3.0,-0.014725931,0.5254681,CP
3.0,0.04450305,0.24592844,ntng1IN
3.0,0.0031172354,0.24592844,IMN
3.0,-0.12664299,0.36591172,cckIN
3.0,0.0910132,1.7561674,scgnIN
3.0,0.35134226,0.24592844,sfrpEGC
3.0,0.2987147,0.24592844,reaEGC
3.0,-0.01521251,0.2692812,MCG
3.0,0.10899541,0.24592844,VLMC
3.0,-0.012260865,0.24592844,ribEGC
3.0,-0.047354337,0.73804784,mpEX
3.0,0.1483447,0.24592844,ntng1IN
3.0,0.060974687,0.24592844,CMPN
3.0,0.18302204,0.309471,CMPN
3.0,-0.08143733,1.1281682,cckIN
3.0,0.1052378,0.24592844,sstIN
3.0,-0.023890954,0.74547976,cckIN
3.0,0.14722085,0.24592844,npyIN
3.0,-0.03874114,1.7627152,CMPN
3.0,-0.077565484,1.0231715,VLMC
3.0,-0.14216554,0.39648482,CP
3.0,0.069806896,1.0047117,cckIN
3.0,-0.11492868,0.24592844,VLMC
3.0,-0.04706163,0.24592844,mpEX
3.0,0.019076265,0.3254034,ntng1IN
3.0,-0.026936233,1.4667904,cckIN
3.0,0.08894692,0.28621462,mpEX
3.0,-0.034131847,0.24592844,VLMC
3.0,-0.032483086,0.24592844,sstIN
3.0,0.23579739,1.1420449,CMPN
3.0,-0.09184504,0.24592844,VLMC
3.0,0.043709636,0.24592844,dpEX
3.0,-0.05852688,0.24592844,ribEGC
3.0,0.011834126,0.62041485,mpEX
3.0,-0.037386894,0.24592844,VLMC
3.0,-0.11318685,0.3087561,nptxEX
3.0,0.1164608,0.41082695,CMPN
3.0,-0.11126588,0.24592844,MSN
3.0,0.09592579,0.24592844,sstIN
3.0,0.068117335,0.24592844,ntng1IN
3.0,-0.028815892,0.24592844,dpEX
3.0,-0.052708432,0.24592844,sstIN
3.0,0.12367835,0.24592844,scgnIN
3.0,0.06472578,0.24592844,IMN
3.0,-0.011337973,0.24592844,VLMC
3.0,-0.063588895,0.24592844,npyIN
3.0,0.093765855,0.24592844,IMN
3.0,-0.047193777,0.24592844,CP
3.0,-0.038458858,0.47938874,nptxEX
3.0,0.075244874,0.24592844,VLMC
3.0,0.004425116,0.34889865,CMPN
3.0,0.07498073,0.24592844,wntEGC
3.0,0.06083429,0.38757655,VLMC
3.0,-0.043984503,0.24592844,CMPN
3.0,-0.16604286,0.24592844,MSN
3.0,-0.04100632,0.24592844,nptxEX
3.0,-0.0124156885,0.24592844,dpEX
3.0,0.18496977,0.24592844,scgnIN
3.0,-0.09561078,0.24592844,wntEGC
3.0,0.28436428,0.24592844,rIPC2
3.0,0.17733957,0.26888204,CMPN
3.0,-0.20439588,0.24592844,VLMC
3.0,-0.08343959,0.24592844,CP
3.0,-0.110231176,0.37150812,MSN
3.0,-0.01724039,0.24592844,sfrpEGC
3.0,0.024163496,0.24592844,MSN
3.0,-0.22897664,0.24592844,VLMC
3.0,-0.099458925,0.41613525,cckIN
3.0,0.10727741,0.24592844,CMPN
3.0,-0.13189536,0.24592844,VLMC
3.0,0.14354567,0.24592844,npyIN
3.0,0.022962235,0.35244012,nptxEX
3.0,-0.0004955381,0.24592844,wntEGC
3.0,0.04989903,0.24592844,ribEGC
3.0,0.18894228,0.6875931,CMPN
3.0,0.045688793,0.24592844,CMPN
3.0,-0.09705845,1.1871002,VLMC
3.0,0.28419086,0.30933866,MSN
3.0,-0.113964394,0.24592844,VLMC
3.0,-0.10289587,0.3859641,MSN
3.0,0.035378613,0.3076082,CMPN
3.0,0.041619666,0.24592844,sstIN
3.0,-0.09880912,0.24592844,VLMC
3.0,-0.14872801,0.43859878,MSN
3.0,-0.026542336,0.24592844,wntEGC
3.0,0.0485966,0.24592844,scgnIN
3.0,-0.21568726,0.24592844,VLMC
3.0,0.0056645833,0.30967003,CMPN
3.0,0.14815655,0.73810893,CMPN
3.0,-0.006499309,0.55017674,VLMC
3.0,0.1487094,0.24592844,sfrpEGC
3.0,0.08428641,0.24592844,mpEX
3.0,0.34076428,0.24592844,reaEGC
3.0,-0.111064225,0.24592844,VLMC
3.0,-0.0018807873,0.48860458,MSN
3.0,0.11733867,0.24592844,scgnIN
3.0,0.105705045,0.24592844,rIPC1
3.0,0.122212276,0.6467732,mpEX
3.0,-0.07978626,0.24592844,VLMC
3.0,-0.09755516,0.44345838,nptxEX
3.0,0.19785553,0.31245214,rIPC2
3.0,-0.060523618,0.24592844,IMN
3.0,-0.05179204,0.24592844,VLMC
3.0,-0.03252747,0.31603423,MSN
3.0,0.045784965,0.24592844,mpEX
3.0,0.1557649,0.24592844,IMN
3.0,-0.15331985,0.24592844,MSN
3.0,-0.07211052,0.24592844,ribEGC
3.0,-0.053896867,0.24592844,CMPN
3.0,-0.0056634136,1.5654665,nptxEX
3.0,0.1354354,0.3102397,ntng1IN
3.0,0.16391037,0.24592844,CMPN
3.0,0.0075224526,0.31133527,MSN
3.0,0.16626757,0.24592844,ribEGC
3.0,-0.020122498,0.24592844,CMPN
3.0,-0.03380967,0.24592844,rIPC2
3.0,0.13184005,0.24592844,reaEGC
3.0,0.081825644,0.24592844,CMPN
3.0,-0.14956035,0.37848765,MSN
3.0,-0.011931539,0.24592844,VLMC
3.0,0.15367106,0.24592844,sfrpEGC
3.0,0.07798505,0.24592844,wntEGC
3.0,-0.015556663,0.37871638,MSN
3.0,0.07321349,0.24592844,wntEGC
3.0,0.06587199,0.24592844,reaEGC
3.0,-0.06729532,0.45968887,cckIN
3.0,0.23274577,0.24592844,sfrpEGC
3.0,0.1352254,0.24592844,wntEGC
3.0,-0.06634013,0.24592844,CP
3.0,0.07613777,0.24592844,wntEGC
3.0,-0.1020358,0.24592844,VLMC
3.0,-0.08012171,0.24592844,VLMC
3.0,0.15939383,0.27714193,CMPN
3.0,-0.005348902,0.37725052,nptxEX
3.0,-0.20454279,0.24592844,VLMC
3.0,0.29479238,0.24592844,rIPC1
3.0,-0.00985406,0.24592844,sstIN
3.0,0.20503722,0.24592844,reaEGC
3.0,-0.04339763,0.32415044,mpEX
3.0,0.014355402,0.4196832,wntEGC
3.0,-0.23103642,0.24592844,CP
3.0,-0.059115037,0.46235406,MSN
3.0,0.03053882,0.24592844,npyIN
3.0,0.08651522,0.24592844,wntEGC
3.0,0.077118784,0.24592844,CMPN
3.0,-0.18165305,0.4192386,MSN
3.0,-0.040612508,0.24592844,CP
3.0,0.07561684,0.24592844,sstIN
3.0,-0.10484849,0.24592844,VLMC
3.0,0.24023344,0.24592844,reaEGC
3.0,0.09070331,0.24592844,MCG
3.0,0.027499296,0.24592844,npyIN
3.0,0.046234842,0.41276997,CMPN
3.0,0.035453435,0.24592844,rIPC2
3.0,0.07942033,0.24592844,mpEX
3.0,0.26043817,0.31041098,CMPN
3.0,0.17132102,0.24592844,IMN
3.0,-0.18787634,0.24592844,VLMC
3.0,-0.114531964,0.41551813,cckIN
3.0,0.18133143,0.24592844,rIPC2
3.0,0.030052394,0.24592844,wntEGC
3.0,0.18418878,0.24592844,sfrpEGC
3.0,0.07591596,0.24592844,wntEGC
3.0,0.047684222,0.24592844,sstIN
3.0,-0.17838407,0.24592844,VLMC
3.0,0.009643972,0.37414378,MSN
3.0,-0.161883,0.24592844,VLMC
3.0,-0.16089655,0.24592844,nptxEX
3.0,-0.043559607,0.24592844,CP
3.0,0.2806085,0.24592844,ntng1IN
3.0,0.0051278546,0.24592844,IMN
3.0,-0.06255196,0.3513509,nptxEX
3.0,0.21143457,0.3543392,ntng1IN
3.0,0.08183074,0.24592844,wntEGC
3.0,0.051273398,0.24592844,MCG
3.0,-0.02722121,0.24592844,Unknown
3.0,0.13886717,0.3563947,CMPN
3.0,0.08871239,0.24592844,sstIN
3.0,0.14702545,0.24592844,CMPN
3.0,0.05773608,0.32517332,VLMC
3.0,-0.054691307,0.24592844,ribEGC
3.0,0.11550123,0.24592844,CMPN
3.0,0.11308801,0.24592844,rIPC1
3.0,0.09418005,0.24592844,mpEX
3.0,0.04444962,0.24592844,sstIN
3.0,0.13774934,0.32390633,Unknown
3.0,0.28408018,0.33530217,CMPN
3.0,0.21820009,0.24592844,ntng1IN
3.0,0.08662819,0.24592844,CMPN
3.0,-0.11215375,0.29494113,wntEGC
3.0,0.21682785,0.32893986,CMPN
3.0,0.025144156,0.24592844,sstIN
3.0,-0.10473886,0.65566736,MSN
3.0,-0.12304441,0.24592844,VLMC
3.0,0.1596367,0.8738849,CMPN
3.0,-0.019142404,0.24592844,sfrpEGC
3.0,-0.03515816,0.27463847,MCG
3.0,0.14601672,0.36071175,ntng1IN
3.0,-0.08363513,0.24592844,VLMC
3.0,-0.011545487,0.24592844,sfrpEGC
3.0,0.0596083,0.24592844,CMPN
3.0,0.098439455,0.24592844,CMPN
3.0,0.1782046,0.24592844,IMN
3.0,0.21511745,0.24592844,MCG
3.0,0.058026403,0.24592844,rIPC1
3.0,-0.082303874,0.38203818,cckIN
3.0,0.08337641,0.24592844,scgnIN
3.0,0.031255685,0.39989412,sfrpEGC
3.0,0.11362843,0.24592844,IMN
3.0,0.005466379,0.24592844,VLMC
3.0,0.08746831,0.24592844,CMPN
3.0,0.022715554,0.3201746,IMN
3.0,0.21643558,0.24592844,rIPC1
3.0,-0.11019806,0.33476713,VLMC
3.0,0.04424349,0.24592844,CMPN
3.0,-0.10784467,0.24592844,VLMC
3.0,-0.14816916,0.24592844,MSN
3.0,-0.03465221,0.24592844,nptxEX
3.0,-0.011102997,0.24592844,rIPC2
3.0,0.1335551,0.24592844,npyIN
3.0,0.0037648305,0.5988018,dpEX
3.0,-0.1055327,0.24592844,VLMC
3.0,-0.037686154,0.24592844,VLMC
3.0,-0.16247444,0.24592844,VLMC
3.0,0.19803989,0.24592844,reaEGC
3.0,-0.12418978,0.34801692,ribEGC
3.0,0.2012289,0.24592844,ribEGC
3.0,-0.010456212,0.35031125,MSN
3.0,-0.02421312,0.24592844,MSN
3.0,-0.07517037,0.41203356,nptxEX
3.0,0.0070636757,0.33406207,MSN
3.0,0.019860629,0.24592844,CMPN
3.0,-0.019365847,0.24592844,MSN
3.0,-0.026879594,0.32410052,nptxEX
3.0,0.14584537,1.0242134,scgnIN
3.0,-0.04452941,0.24592844,VLMC
3.0,0.052583646,0.24592844,scgnIN
3.0,0.10381974,0.24592844,sstIN
3.0,0.061254386,0.28030038,MCG
3.0,-0.09318447,0.24592844,IMN
3.0,-0.16767578,0.85108244,CP
3.0,0.022049814,0.3397008,nptxEX
3.0,-0.023653612,0.24592844,cckIN
3.0,0.06332905,0.24592844,MCG
3.0,0.044017203,0.24592844,VLMC
3.0,0.082488984,0.7188858,ribEGC
3.0,-0.14808464,0.24592844,VLMC
3.0,0.034336425,0.24592844,wntEGC
3.0,0.25327158,0.24592844,wntEGC
3.0,-0.04698991,0.3699933,sstIN
3.0,0.10347861,0.30661246,CMPN
3.0,-0.017336681,0.30565226,nptxEX
3.0,0.045555323,0.48565352,ntng1IN
3.0,0.05141877,0.24592844,CMPN
3.0,-0.24540028,0.32505593,CP
3.0,0.09807238,0.24592844,sstIN
3.0,-0.00043172017,0.24592844,wntEGC
3.0,0.24338873,0.29320064,IMN
3.0,-0.05495804,0.45684305,MSN
3.0,0.016521398,0.24592844,MSN
3.0,-0.04152584,0.24592844,VLMC
3.0,-0.036776893,0.24592844,CMPN
3.0,-0.07676743,0.24592844,VLMC
3.0,-0.0004245937,0.38165218,MSN
3.0,0.03475705,0.24592844,MSN
3.0,-0.0357036,0.24592844,ribEGC
3.0,0.024417028,0.24592844,VLMC
3.0,0.070267975,0.24592844,wntEGC
3.0,-0.20739779,0.24592844,VLMC
3.0,-0.11914553,0.37624446,MSN
3.0,-0.059243586,0.41249204,sstIN
3.0,0.035731778,0.31372926,ntng1IN
3.0,0.009706486,0.24592844,npyIN
3.0,0.071353436,0.31445235,nptxEX
3.0,-0.17598474,0.35105687,sstIN
3.0,-0.017723698,0.24592844,ribEGC
3.0,-0.02045042,0.4199168,CMPN
3.0,-0.1850953,0.24592844,MSN
3.0,0.047471218,0.34575263,CMPN
3.0,-0.059816353,0.39903313,mpEX
3.0,0.07883229,0.24592844,npyIN
3.0,0.10613742,0.24592844,wntEGC
3.0,0.13122784,0.24592844,MCG
3.0,0.046558104,0.24592844,sstIN
3.0,-0.13635503,0.41203544,MSN
3.0,0.16495217,0.24592844,wntEGC
3.0,-0.047175676,0.24592844,sstIN
3.0,0.067490585,0.30042103,CMPN
3.0,0.13783681,0.41398484,MSN
3.5,-0.034314536,0.24592844,sfrpEGC
3.5,0.26702726,0.24592844,nptxEX
3.5,0.11205037,0.24592844,tlNBL
3.5,0.14833662,0.30195707,IMN
3.5,0.1531173,0.24592844,rIPC2
3.5,0.2522984,0.6721062,CMPN
3.5,0.105826385,0.24592844,mpEX
3.5,-0.032459795,0.24592844,ntng1IN
3.5,0.33798486,0.24592844,MSN
3.5,0.039753713,0.24592844,wntEGC
3.5,0.21235152,0.59342664,nptxEX
3.5,0.12211965,0.24592844,nptxEX
3.5,0.1029008,0.24592844,MSN
3.5,0.18271065,0.24592844,dpEX
3.5,-0.19188091,0.24592844,CMPN
3.5,0.33302164,0.41809046,CMPN
3.5,-4.529953e-05,0.28903422,CMPN
3.5,0.20992242,0.5877142,npyIN
3.5,0.1752191,0.24592844,sfrpEGC
3.5,0.12950782,0.47952187,nptxEX
3.5,0.21393111,0.24592844,wntEGC
3.5,0.29347467,0.24592844,CMPN
3.5,0.113294624,0.24592844,dpEX
3.5,0.412059,0.24592844,tlNBL
3.5,0.20123851,0.5882912,nptxEX
3.5,0.2732609,0.24592844,VLMC
3.5,0.23231998,0.24592844,IMN
3.5,0.0025606751,0.28624842,wntEGC
3.5,0.32618147,0.977002,VLMC
3.5,0.112860814,0.24592844,nptxEX
3.5,0.050854843,0.60559314,wntEGC
3.5,0.055091523,0.24592844,mpEX
3.5,0.45492232,0.24592844,wntEGC
3.5,0.1263338,0.6591265,MSN
3.5,0.09752847,0.24592844,VLMC
3.5,0.25520992,0.24592844,dpEX
3.5,0.057947487,0.62356746,MSN
3.5,0.083752856,0.24592844,nptxEX
3.5,0.186905,0.35515392,wntEGC
3.5,-0.106926695,0.24592844,nptxEX
3.5,0.09407887,0.4582122,MSN
3.5,-0.22277656,0.24592844,VLMC
3.5,-0.039148778,0.38880554,nptxEX
3.5,-0.054075107,0.91486377,VLMC
3.5,0.18271065,0.24592844,dpEX
3.5,0.24386182,0.24592844,nptxEX
3.5,0.25207195,0.24592844,CMPN
3.5,0.3833061,0.32296646,sfrpEGC
3.5,0.19946475,0.24592844,obNBL
3.5,0.09939929,0.24592844,mpEX
3.5,0.26746568,0.34202164,MSN
3.5,0.12693755,0.24592844,CMPN
3.5,0.15414523,0.24592844,dpEX
3.5,0.12931539,0.46302363,MSN
3.5,0.35742712,0.24592844,wntEGC
3.5,0.20877434,0.24592844,VLMC
3.5,0.23236573,0.24592844,MSN
3.5,0.2149155,0.24592844,CMPN
3.5,0.23211208,0.38688576,IMN
3.5,0.057822477,0.24592844,wntEGC
3.5,0.22410113,0.24592844,VLMC
3.5,-0.11378912,0.24592844,CMPN
3.5,0.10674283,0.24592844,wntEGC
3.5,-0.037488047,1.0014805,wntEGC
3.5,0.23145655,0.24592844,IMN
3.5,0.09822816,0.36368385,dpEX
3.5,0.33821982,0.24592844,sfrpEGC
3.5,-0.053704455,0.24592844,CMPN
3.5,0.11453232,0.42814153,nptxEX
3.5,0.090349704,0.24592844,nptxEX
3.5,0.0334932,1.0198333,MSN
3.5,0.3144133,0.24592844,wntEGC
3.5,0.2267993,0.24592844,rIPC2
3.5,0.24236734,0.24592844,CMPN
3.5,-0.21355781,0.24592844,nptxEX
3.5,-0.23316982,0.24592844,sfrpEGC
3.5,-0.19242218,0.35431218,MSN
3.5,0.07319477,0.24592844,mpEX
3.5,0.33033586,0.24592844,wntEGC
3.5,0.09469181,0.24592844,nptxEX
3.5,0.04323993,0.5010606,nptxEX
3.5,0.06531775,0.24592844,nptxEX
3.5,0.12542765,0.3674926,MSN
3.5,-0.019572828,0.24592844,nptxEX
3.5,0.31839287,0.24592844,sfrpEGC
3.5,0.20148712,0.46991655,nptxEX
3.5,0.06649411,0.24592844,MSN
3.5,0.082499996,0.24592844,MSN
3.5,0.26702747,0.24592844,IMN
3.5,0.28195363,0.24592844,CMPN
3.5,-0.039319616,0.24592844,npyIN
3.5,-0.059560582,0.39792836,wntEGC
3.5,0.19278494,0.47121325,MSN
3.5,-0.07566988,0.24592844,dpEX
3.5,0.14357512,0.24592844,nptxEX
3.5,-0.17367011,0.43932232,MSN
3.5,0.3749525,0.24592844,MSN
3.5,0.35970712,0.24592844,CMPN
3.5,0.12096906,0.24592844,VLMC
3.5,0.18155748,0.24592844,sfrpEGC
3.5,0.20321527,0.37075427,MSN
3.5,0.19192743,0.24592844,mpEX
3.5,0.22001126,0.36573148,MSN
3.5,-0.12382827,0.24592844,MSN
3.5,0.2288956,0.24592844,mpEX
3.5,0.24068151,0.24592844,nptxEX
3.5,0.22834057,0.5247912,CMPN
3.5,0.05431967,0.24592844,wntEGC
3.5,0.022986177,0.24592844,npyIN
3.5,0.124185205,0.24592844,nptxEX
3.5,0.17060874,0.24592844,mpIN
3.5,0.3543183,0.24592844,sfrpEGC
3.5,0.17974631,0.24592844,MCG
3.5,0.22952726,0.24592844,wntEGC
3.5,0.3891948,0.24592844,sfrpEGC
3.5,-0.00323423,0.24592844,wntEGC
3.5,-0.16045356,0.24592844,CMPN
3.5,0.32367817,0.24592844,ribEGC
3.5,0.07647832,0.24592844,CMPN
3.5,-0.10374065,0.24592844,dpEX
3.5,0.30841714,0.24592844,wntEGC
3.5,0.14756045,0.24592844,sfrpEGC
3.5,0.17667145,0.24592844,CMPN
3.5,0.12897043,0.24592844,nptxEX
3.5,0.34660843,0.24592844,rIPC2
3.5,0.33670306,0.8886187,VLMC
3.5,0.012106653,0.24592844,nptxEX
3.5,0.18077703,0.24592844,MCG
3.5,0.27403653,0.24592844,CMPN
3.5,0.18828034,0.4164498,MSN
3.5,-0.1699633,0.24592844,mpEX
3.5,0.16061652,0.4874777,VLMC
3.5,0.0695879,0.24592844,nptxEX
3.5,0.26155305,0.5969545,VLMC
3.5,0.3725621,0.24592844,MSN
3.5,0.015569776,0.24592844,CMPN
3.5,0.17258033,0.24592844,nptxEX
3.5,-0.17938483,0.24592844,CMPN
3.5,0.1983508,0.64118266,MSN
3.5,0.16381142,0.24592844,MSN
3.5,0.19240013,0.3253581,IMN
3.5,0.10188165,0.24592844,VLMC
3.5,0.1579808,0.24592844,dpEX
3.5,0.34660843,0.24592844,rIPC2
3.5,0.22614887,0.24592844,rIPC2
3.5,-0.11495789,0.65367943,MSN
3.5,0.0649171,0.24592844,wntEGC
3.5,0.25686538,0.24592844,dpEX
3.5,0.06093407,0.24592844,nptxEX
3.5,0.014856342,0.24592844,mpEX
3.5,0.13914862,0.37333345,nptxEX
3.5,0.17700914,0.34790757,wntEGC
3.5,0.22789326,0.24592844,nptxEX
3.5,0.13067153,0.7310051,nptxEX
3.5,0.094078854,0.4582122,MSN
3.5,0.26035455,0.24592844,nptxEX
3.5,0.093644895,0.33390486,nptxEX
3.5,0.06783579,0.24592844,wntEGC
3.5,-0.08522448,0.24592844,VLMC
3.5,0.23217377,0.24592844,VLMC
3.5,0.28848627,0.24592844,MSN
3.5,0.11175837,0.24592844,mpEX
3.5,-0.059908345,0.24592844,dpEX
3.5,0.18256432,0.24592844,dpEX
3.5,0.016522188,0.24592844,VLMC
3.5,0.19812045,0.24592844,CMPN
3.5,0.054791953,0.24592844,nptxEX
3.5,0.1602264,0.24592844,VLMC
3.5,0.33092928,0.24592844,nptxEX
3.5,0.3058744,0.24592844,ntng1IN
3.5,0.32862493,0.24592844,CMPN
3.5,0.21741189,0.24592844,IMN
3.5,0.14239457,0.24592844,npyIN
3.5,0.07566364,0.24592844,nptxEX
3.5,0.21466866,0.24592844,wntEGC
3.5,-0.027271844,0.40083396,MSN
3.5,-0.00025445595,0.24592844,dpEX
3.5,0.17332384,0.24592844,MSN
3.5,0.3237722,0.24592844,tlNBL
3.5,0.11028352,0.24592844,MCG
3.5,0.08612989,0.42741144,wntEGC
3.5,0.19379175,0.24592844,mpEX
3.5,0.33058056,0.35555798,tlNBL
3.5,0.1602264,0.24592844,VLMC
3.5,0.24530418,0.24592844,sfrpEGC
3.5,0.047647968,0.30167383,npyIN
3.5,0.15255317,0.24592844,MSN
3.5,0.2444678,0.24592844,nptxEX
3.5,0.19086576,0.60634047,npyIN
3.5,0.2518928,0.24592844,VLMC
3.5,0.1907987,0.3541866,wntEGC
3.5,0.19576234,0.24592844,wntEGC
3.5,0.10397135,0.24592844,CMPN
3.5,0.26573634,0.4122783,MSN
3.5,0.32802233,0.24592844,rIPC2
3.5,-0.0045947805,1.0398179,MSN
3.5,0.10354528,0.24592844,dpEX
3.5,0.28346902,0.36504617,ntng1IN
3.5,0.047574848,0.4090331,nptxEX
3.5,0.077405065,0.33145085,VLMC
3.5,0.2655738,0.24592844,VLMC
3.5,0.14990208,0.24592844,sfrpEGC
3.5,0.2834565,0.24592844,npyIN
3.5,0.34080315,0.24592844,ntng1IN
3.5,0.09631889,0.24592844,MSN
3.5,0.066284224,0.24592844,MSN
3.5,0.13570957,0.24592844,sfrpEGC
3.5,0.20734927,0.24592844,dpEX
3.5,0.24015498,0.24592844,MSN
3.5,0.32618147,0.977002,VLMC
3.5,0.2146077,0.24592844,mpEX
3.5,-0.2179214,0.24592844,mpEX
3.5,0.17272045,0.24592844,dpEX
3.5,0.30923188,0.24592844,IMN
3.5,0.20288867,0.24592844,MSN
3.5,0.13659301,0.24592844,VLMC
3.5,0.24973083,0.24592844,CMPN
3.5,0.12972467,0.24592844,VLMC
3.5,0.099061966,0.24592844,sfrpEGC
3.5,0.11602338,0.7195033,wntEGC
3.5,0.19741261,0.24592844,ntng1IN
3.5,0.39178926,0.24592844,sfrpEGC
3.5,-0.15935877,0.4505096,MSN
3.5,0.04323735,0.24592844,wntEGC
3.5,0.1606357,0.24592844,CMPN
3.5,0.25072196,0.24592844,rIPC2
3.5,0.12377933,0.24592844,wntEGC
3.5,0.45243245,0.24592844,MSN
3.5,0.21564707,0.24592844,mpEX
3.5,0.06804411,0.24592844,dpEX
3.5,0.1169366,0.24592844,wntEGC
3.5,0.13894698,0.24592844,IMN
3.5,-0.03004222,0.24592844,CMPN
3.5,0.096145734,0.4675473,MSN
3.5,0.096418455,0.24592844,wntEGC
3.5,0.32762048,0.32017002,wntEGC
3.5,0.12096906,0.24592844,VLMC
3.5,0.30756405,0.24592844,ntng1IN
3.5,-0.08244457,0.8567617,wntEGC
3.5,0.24707356,0.34751925,MSN
3.5,0.29151258,0.58846086,IMN
3.5,0.3067785,0.24592844,wntEGC
3.5,0.16752928,0.31729048,nptxEX
3.5,0.3053012,0.6599854,tlNBL
3.5,0.26203555,0.40328,VLMC
3.5,0.23435256,0.24592844,CMPN
3.5,0.20363167,0.24592844,MSN
3.5,0.28346902,0.36504617,ntng1IN
3.5,0.38317204,0.3389091,CMPN
3.5,0.19576234,0.24592844,wntEGC
3.5,0.06800206,0.3705609,nptxEX
3.5,0.19394916,0.24592844,MSN
3.5,0.39580935,0.33693585,CMPN
3.5,0.08531545,0.24592844,nptxEX
3.5,0.14160314,0.24592844,nptxEX
3.5,0.11283237,0.24592844,wntEGC
3.5,0.16892008,0.24592844,sfrpEGC
3.5,0.10017172,0.3647998,nptxEX
3.5,-0.17823848,0.24592844,nptxEX
3.5,0.14987946,0.6642614,MSN
3.5,0.16471857,0.24592844,wntEGC
3.5,0.035091914,0.40266362,nptxEX
3.5,0.23544537,0.24592844,wntEGC
3.5,0.18961239,0.24592844,IMN
3.5,-0.089572564,0.41526058,VLMC
3.5,0.020619899,0.24592844,nptxEX
3.5,0.24385162,0.24592844,MSN
3.5,0.28102565,0.24592844,MSN
3.5,0.072652206,0.58474547,CMPN
3.5,0.21257688,0.31337923,IMN
3.5,0.28628093,0.6164294,VLMC
3.5,0.16224998,0.24592844,sfrpEGC
3.5,0.08905573,0.39344725,dpEX
3.5,0.15723684,0.24592844,wntEGC
3.5,-0.07903409,0.24592844,npyIN
3.5,0.13032621,0.24592844,MSN
3.5,0.21154973,0.24592844,IMN
3.5,0.029525474,0.24592844,MSN
3.5,-0.10193058,0.24592844,nptxEX
3.5,0.19765699,0.24592844,wntEGC
3.5,-0.009453632,0.24592844,VLMC
3.5,-0.06164817,0.24592844,nptxEX
3.5,0.071390286,0.24592844,VLMC
3.5,0.03798779,0.24592844,dpEX
3.5,0.35640424,0.24592844,sfrpEGC
3.5,0.30447444,0.32086864,wntEGC
3.5,-0.010418341,0.24592844,nptxEX
3.5,0.051502023,0.24592844,CMPN
3.5,0.062297806,0.24592844,nptxEX
3.5,0.31846237,0.6643213,tlNBL
3.5,0.24387042,0.66359097,CMPN
3.5,0.19688912,0.24592844,VLMC
3.5,0.17883392,0.6555334,MSN
3.5,-0.12030978,0.24592844,VLMC
3.5,0.09789355,0.24592844,VLMC
3.5,0.21282561,0.3633303,wntEGC
3.5,0.12301975,0.24592844,wntEGC
3.5,0.1105951,0.24592844,CMPN
3.5,0.28792185,0.24592844,CMPN
3.5,0.23987053,0.6578204,IMN
4.0,0.088018715,0.46666238,MSN
4.0,0.31104964,0.24592844,VLMC
4.0,0.30389905,0.5676456,MSN
4.0,0.25608692,0.33613437,mpEX
4.0,0.35484105,0.24592844,ntng1IN
4.0,0.2514523,0.24592844,VLMC
4.0,0.17185871,0.5685257,cckIN
4.0,0.30756748,0.24592844,MSN
4.0,0.32691467,0.24592844,scgnIN
4.0,0.27896518,0.4419665,mpEX
4.0,0.19932647,0.46616197,cckIN
4.0,0.36474448,1.0825727,MSN
4.0,0.18164298,0.24592844,VLMC
4.0,0.43183732,0.7157987,MSN
4.0,0.4055494,0.57053196,scgnIN
4.0,0.13292226,0.24592844,VLMC
4.0,0.28931674,0.37066242,IMN
4.0,0.29750854,0.24592844,tlNBL
4.0,0.24512666,0.57952106,VLMC
4.0,0.04352328,0.24592844,cckIN
4.0,0.18543199,0.40429032,MSN
4.0,0.23917674,0.24592844,VLMC
4.0,0.19503966,0.24592844,VLMC
4.0,0.23670374,0.24592844,sfrpEGC
4.0,0.4761654,0.24592844,rIPC4
4.0,0.17708975,0.24592844,nptxEX
4.0,0.32568654,0.24592844,wntEGC
4.0,0.28173792,0.24592844,VLMC
4.0,0.26277936,0.24592844,scgnIN
4.0,0.26477933,0.24592844,tlNBL
4.0,0.31007606,0.4221872,MSN
4.0,0.15451619,0.4556569,cckIN
4.0,0.19456479,0.5821483,cckIN
4.0,0.12251051,0.24592844,cckIN
4.0,0.14641243,0.5435054,mpEX
4.0,0.43102038,0.24592844,CMPN
4.0,0.2538563,0.24592844,VLMC
4.0,0.07735077,0.24592844,MSN
4.0,0.21766087,0.24592844,VLMC
4.0,0.2961989,0.24592844,VLMC
4.0,0.25891492,0.24592844,mpEX
4.0,0.41577896,0.24592844,rIPC4
4.0,0.1931759,0.9999559,MSN
4.0,0.17764501,0.43721,obNBL
4.0,0.24444482,0.24592844,dpEX
4.0,0.027083755,0.24592844,cckIN
4.0,0.48029172,0.24592844,rIPC4
4.0,0.4596426,0.24592844,wntEGC
4.0,0.28087944,0.24592844,dpEX
4.0,0.32982594,0.24592844,MSN
4.0,0.27837116,0.24592844,VLMC
4.0,0.10045625,0.24592844,VLMC
4.0,0.30063885,1.22322,MSN
4.0,0.32345736,0.3809091,cckIN
4.0,0.2782658,0.24592844,nptxEX
4.0,0.46148425,0.24592844,IMN
4.0,0.2939672,0.43508917,VLMC
4.0,0.23271662,0.34146035,MSN
4.0,0.23662832,0.35452315,CMPN
4.0,0.38021648,0.24592844,IMN
4.0,0.23057309,0.24592844,obNBL
4.0,0.43729606,1.0059377,MSN
4.0,0.08967714,0.24592844,npyIN
4.0,0.3204409,0.24592844,dpEX
4.0,0.3289847,0.24592844,MSN
4.0,0.09584495,0.45814627,MSN
4.0,0.18863946,0.24592844,wntEGC
4.0,0.21628828,0.24592844,CMPN
4.0,0.12312458,0.62170887,MSN
4.0,0.24260053,0.24592844,VLMC
4.0,-0.07958725,0.24592844,VLMC
4.0,0.26589945,0.24592844,wntEGC
4.0,0.35247803,0.35410857,CMPN
4.0,0.39834297,0.24592844,wntEGC
4.0,0.07189384,0.24592844,cckIN
4.0,0.30809098,0.24592844,dpEX
4.0,0.27608463,0.24592844,IMN
4.0,0.38476777,0.24592844,rIPC4
4.0,0.2243889,0.24592844,VLMC
4.0,0.35105833,0.41310546,MSN
4.0,0.07617535,0.47241527,cckIN
4.0,0.27596703,0.24592844,npyIN
4.0,0.39015597,0.97153455,MSN
4.0,0.34632587,0.24592844,VLMC
4.0,0.34084642,0.24592844,MSN
4.0,0.20650043,0.24592844,MSN
4.0,0.41210115,0.24592844,rIPC4
4.0,0.16539836,0.24592844,VLMC
4.0,0.20783508,0.24592844,ntng1IN
4.0,0.21523692,0.48884112,mpEX
4.0,0.26131293,0.24592844,MSN
4.0,0.4241947,0.24592844,rIPC4
4.0,0.16915482,0.24592844,CMPN
4.0,0.13215491,0.52533096,cckIN
4.0,0.16166034,0.9529552,nptxEX
4.0,0.49959135,0.24592844,tlNBL
4.0,0.378681,0.24592844,wntEGC
4.0,0.4018777,0.24592844,sfrpEGC
4.0,0.25090432,0.24592844,obNBL
4.0,0.18312773,0.24592844,nptxEX
4.0,0.24502698,0.5423629,sstIN
4.0,0.18184975,0.24592844,VLMC
4.0,0.161301,0.6963164,cckIN
4.0,0.23532006,0.36449373,CMPN
4.0,0.3825404,0.24592844,nptxEX
4.0,0.31260714,0.24592844,MSN
4.0,0.24923526,0.24592844,mpEX
4.0,0.36980695,0.7836313,nptxEX
4.0,0.28639373,0.362189,tlNBL
4.0,0.34957117,0.24592844,wntEGC
4.0,0.3957508,0.24592844,wntEGC
4.0,0.27436078,0.61097956,CMPN
4.0,0.46424958,0.24592844,wntEGC
4.0,0.3357061,0.24592844,MSN
4.0,0.29628763,0.24592844,MSN
4.0,0.21277831,0.24592844,VLMC
4.0,0.4497462,0.24592844,rIPC4
4.0,0.3117932,0.24592844,mpIN
4.0,0.40885764,0.24592844,rIPC4
4.0,0.25112486,0.8255065,VLMC
4.0,0.27664286,0.24592844,CMPN
4.0,0.3149481,0.24592844,ntng1IN
4.0,0.1425073,0.24592844,nptxEX
4.0,0.42752725,0.24592844,wntEGC
4.0,0.17579626,0.83732706,cckIN
4.0,0.19211504,0.24592844,dpEX
4.0,0.3367663,0.24592844,wntEGC
4.0,0.22988555,0.24592844,nptxEX
4.0,0.35144717,0.24592844,tlNBL
4.0,0.33559442,0.24592844,wntEGC
4.0,0.29861677,0.57039607,rIPC4
4.0,0.13245574,0.24592844,VLMC
4.0,0.30681065,0.24592844,tlNBL
4.0,0.2534377,1.0540005,MSN
4.0,0.2701137,0.24592844,cckIN
4.0,0.29585844,0.24592844,sstIN
4.0,0.20745608,0.44371712,tlNBL
4.0,0.2657288,0.24592844,mpEX
4.0,0.38542074,0.88655096,MSN
4.0,0.26612362,0.24592844,VLMC
4.0,0.11629189,0.24592844,MSN
4.0,0.34513503,1.1000123,MSN
4.0,0.38253957,0.24592844,nptxEX
4.0,0.2950592,0.494692,MSN
4.0,0.15663688,0.24592844,tlNBL
4.0,0.42255723,0.40494654,rIPC4
4.0,0.29887596,0.24592844,nptxEX
4.0,0.30927998,0.43419936,mpEX
4.0,0.25819632,0.24592844,CMPN
4.0,0.30104074,0.24592844,IMN
4.0,0.28640693,0.24592844,nptxEX
4.0,0.20450258,0.24592844,nptxEX
4.0,0.03914571,0.24592844,cckIN
4.0,0.31460786,0.24592844,MSN
4.0,0.27224118,0.24592844,MSN
4.0,0.3057743,0.24592844,dpEX
4.0,0.2836281,1.1437993,MSN
4.0,0.40021062,0.24592844,CMPN
4.0,0.42823386,0.41849345,rIPC4
4.0,0.32541585,0.24592844,mpEX
4.0,0.41819334,0.24592844,ntng1IN
4.0,0.3715039,0.24592844,CMPN
4.0,0.475129,0.24592844,wntEGC
4.0,0.19524315,0.24592844,dpEX
4.0,0.46442708,0.24592844,sfrpEGC
4.0,0.28684962,0.24592844,wntEGC
4.0,0.30987105,0.24592844,tlNBL
4.0,0.19426462,0.47187456,dpEX
4.0,0.30094808,0.34872636,cckIN
4.0,0.31714615,0.24592844,mpIN
4.0,0.16624805,0.29990676,nptxEX
4.0,-0.030816816,1.2720379,cckIN
4.0,0.3855961,0.24592844,rIPC4
4.0,0.07411222,0.5430864,cckIN
4.0,0.30639654,0.24592844,dpEX
4.0,0.34460706,0.42051983,CMPN
4.0,0.31170857,0.38680607,MSN
4.0,0.24303193,0.24592844,ntng1IN
4.0,0.23284826,0.24592844,dpEX
4.0,0.29851523,0.24592844,sfrpEGC
4.0,0.47874177,0.5847431,tlNBL
4.0,0.22511584,0.24592844,MSN
4.0,0.34035924,0.24592844,CMPN
4.0,0.3036824,0.6542279,MSN
4.0,0.319669,0.24592844,MSN
4.0,0.47418872,0.86379325,sfrpEGC
4.0,0.25830403,0.24592844,scgnIN
4.0,0.21276224,0.9804723,MSN
4.0,0.4765585,0.24592844,rIPC4
4.0,0.1640159,0.24592844,nptxEX
4.0,0.27945018,0.36230484,mpEX
4.0,0.19428061,0.24592844,MSN
4.0,0.17727098,0.24592844,VLMC
4.0,0.32843378,0.38585085,MSN
4.0,0.17341977,0.24592844,mpIN
4.0,0.11876511,0.24592844,VLMC
4.0,0.21738586,0.24592844,tlNBL
4.0,0.26059836,0.63369936,dpEX
4.0,0.43754953,0.24592844,CMPN
4.0,0.35202914,0.7296908,MSN
4.0,0.25035483,0.24592844,dpEX
4.0,0.26384807,0.35771072,MSN
4.0,0.29538304,0.24592844,mpEX
4.0,0.028652802,1.0322145,cckIN
4.0,0.16404706,0.24592844,MCG
4.0,0.3822472,0.24592844,dpEX
4.0,0.4486217,0.24592844,rIPC4
4.0,0.20569637,0.24592844,cckIN
4.0,0.26785794,0.24592844,MSN
4.0,0.25741485,0.24592844,wntEGC
4.0,0.27668393,0.3849999,cckIN
4.0,0.2784027,0.35406893,MSN
4.0,0.26920614,0.24592844,mpEX
4.0,0.3039079,0.24592844,IMN
4.0,0.26934034,1.9774227,scgnIN
4.0,0.18978253,0.815808,MSN
4.0,0.15504092,0.24592844,dpEX
4.0,0.21848114,0.24592844,dpEX
4.0,0.20453933,0.24592844,mpEX
4.0,0.27585998,0.47984838,nptxEX
4.0,0.39158776,0.24592844,CMPN
4.0,0.2226003,0.24592844,MCG
4.0,0.17281833,0.24592844,mpEX
4.0,0.44409364,0.24592844,rIPC4
4.0,0.44804776,0.24592844,rIPC4
4.0,0.3106498,0.24592844,CMPN
4.0,0.35867548,0.24592844,IMN
4.0,0.27500528,0.24592844,nptxEX
4.0,0.2947796,0.24592844,dpEX
4.0,0.4430163,0.24592844,wntEGC
4.0,0.1731953,0.24592844,VLMC
4.0,0.23416764,0.84913576,MSN
4.0,0.21176533,0.6184851,cckIN
4.0,0.22686455,0.24592844,mpEX
4.0,0.47206452,0.24592844,rIPC4
4.0,0.39687598,0.24592844,tlNBL
4.0,0.1622361,0.24592844,nptxEX
4.0,0.19628385,0.24592844,VLMC
4.0,0.20141897,0.24592844,mpEX
4.0,0.29997006,0.24592844,tlNBL
4.0,0.28016582,0.24592844,VLMC
4.0,0.23582521,0.24592844,mpEX
4.0,0.02785749,0.24592844,cckIN
4.0,0.36418146,0.24592844,ntng1IN
4.0,0.12831739,0.24592844,nptxEX
4.0,0.2498575,0.24592844,tlNBL
4.0,0.11468226,0.24592844,nptxEX
4.0,0.31684595,0.24592844,mpEX
4.0,0.26815528,0.24592844,dpEX
4.0,0.27662912,0.88525134,MSN
4.0,0.27943838,0.5653874,IMN
4.0,0.27692682,0.24592844,CMPN
4.0,0.524904,0.24592844,sfrpEGC
4.0,0.27645993,0.43417674,cckIN
4.0,0.3657583,0.24592844,VLMC
4.0,0.35501632,0.24592844,wntEGC
4.0,0.35247505,0.24592844,sfrpEGC
4.0,0.40757644,0.24592844,tlNBL
4.0,0.19975512,0.24592844,sfrpEGC
4.0,0.287288,0.36258447,MSN
4.0,0.23704042,0.24592844,VLMC
4.0,0.21271521,0.51699424,mpIN
4.0,0.15200801,0.24592844,cckIN
4.0,0.20481691,0.24592844,scgnIN
4.0,0.20248862,0.24592844,MSN
4.0,0.2567234,0.7689332,MSN
4.0,0.4151715,0.24592844,CMPN
4.0,0.18657582,0.9007287,VLMC
4.0,0.0365916,0.4244437,cckIN
4.0,0.31081784,0.24592844,VLMC
4.0,0.20919207,0.24592844,tlNBL
4.0,0.47255445,0.24592844,rIPC4
4.0,0.31556436,0.24592844,sfrpEGC
4.0,0.29591176,0.35812816,wntEGC
4.0,0.37479,1.008917,MSN
4.0,0.23170884,0.30144507,mpEX
4.0,0.22336464,0.24592844,nptxEX
4.0,0.33669108,0.24592844,scgnIN
4.0,0.2161814,0.3456699,mpEX
4.0,0.33822086,0.24592844,sfrpEGC
4.0,0.46996868,0.24592844,rIPC4
4.0,0.28419688,0.24592844,VLMC
4.0,0.22180636,0.24592844,VLMC
4.0,0.32296365,0.5067392,rIPC4
4.0,0.16004166,0.24592844,VLMC
4.0,0.23098716,0.24592844,MSN
4.0,0.23882127,0.24592844,VLMC
4.0,0.26853326,0.24592844,mpEX
4.0,0.32141185,0.24592844,scgnIN
4.0,0.27785346,0.24592844,mpEX
4.0,0.08295236,0.24592844,VLMC
4.0,0.34127983,0.24592844,tlNBL
4.0,0.16521327,0.24592844,nptxEX
4.0,0.2693866,0.24592844,sstIN
4.0,0.5074366,0.24592844,wntEGC
4.0,0.32353038,0.24592844,npyIN
4.0,0.3800014,0.24592844,CMPN
4.0,0.26483485,0.68844736,Unknown
4.0,0.4455176,0.24592844,wntEGC
4.0,0.36655492,0.24592844,scgnIN
