timepoint,x,y,cos,celltype
1.0,0.6797102093696594,-0.2461813390254974,0.9555006354366403,scgnIN
1.0,0.5717358589172363,-0.2458066940307617,-0.950758120252204,tlNBL
1.0,0.6237607002258301,-0.2507924437522888,-0.8270435155392826,scgnIN
1.0,0.6344515085220337,-0.2437046766281128,-0.8867240033209697,scgnIN
1.0,0.7016302347183228,-0.2466371208429336,0.9997632687163568,VLMC
1.0,0.5561666488647461,-0.2458681762218475,0.9045428580354303,MSN
1.0,0.6612021923065186,-0.2399055659770965,-0.9669751484058892,scgnIN
1.0,0.5932257175445557,-0.2424858808517456,-0.5681522120907503,scgnIN
1.0,0.7008453607559204,-0.2410838752985,0.8576213900843883,VLMC
1.0,0.6488080620765686,-0.2404235303401947,0.9791972874055392,scgnIN
1.0,0.6275519132614136,-0.2654695212841034,-0.019494754257012394,scgnIN
1.0,0.5917870402336121,-0.2417218089103698,-0.9724074821142601,scgnIN
1.0,0.5827994346618652,-0.253664880990982,-0.7280542292494067,scgnIN
1.0,0.7059207558631897,-0.2479445338249206,0.740694684480176,obNBL
1.0,0.5909205079078674,-0.2529252469539642,0.42418784228435014,tlNBL
1.0,0.6230982542037964,-0.2595491409301758,-0.7783962590136174,MSN
1.0,0.5712662935256958,-0.2508412003517151,0.9951810145732258,tlNBL
1.0,0.6314377188682556,-0.2514683902263641,-0.9954190309380704,MSN
1.0,0.6031129360198975,-0.2513720393180847,-0.8210964296699197,tlNBL
1.0,0.6181288361549377,-0.2431625425815582,-0.9998864944105144,scgnIN
1.0,0.6650200486183167,-0.2721671462059021,-0.9735480157100864,cckIN
1.0,0.6276218891143799,-0.2592337131500244,-0.8313599592234845,scgnIN
1.0,0.5519464612007141,-0.2632089257240295,0.9782573697591483,tlNBL
1.0,0.5599266290664673,-0.2628596127033233,0.8213324671763271,tlNBL
1.0,0.5516754388809204,-0.2428106516599655,0.7805479085601849,sfrpEGC
1.0,0.62540203332901,-0.2540828585624695,-0.9782983185364177,scgnIN
1.0,0.5821651816368103,-0.2567202746868133,-0.9988654689395927,scgnIN
1.0,0.6691216230392456,-0.2456859201192855,0.9932436066949996,scgnIN
1.0,0.6275399923324585,-0.2640960812568664,0.8470511538467734,scgnIN
1.0,0.6056673526763916,-0.2744912505149841,-0.9999542280533297,scgnIN
1.0,0.6836004853248596,-0.28145831823349,0.9361885296356615,obNBL
1.0,0.6494075059890747,-0.2710679471492767,-0.6166132080735592,MSN
1.0,0.5638468861579895,-0.2427372336387634,0.3233491821117381,tlNBL
1.0,0.6097200512886047,-0.2596796452999115,-0.39059098392029873,MSN
1.0,0.5250232815742493,-0.2455098032951355,0.1494348272149196,sfrpEGC
1.0,0.6559514999389648,-0.2687509059906006,-0.9853725337313772,MSN
1.0,0.6404865980148315,-0.2709448337554931,0.9921344328458128,scgnIN
1.0,0.5443189144134521,-0.2517483830451965,-0.08883408166007398,sfrpEGC
1.0,0.5876402854919434,-0.2611352801322937,-0.13462901886265524,MSN
1.0,0.5707721710205078,-0.2752214968204498,0.325879451710241,tlNBL
1.0,0.6840907335281372,-0.2823061645030975,0.9011918594746762,VLMC
1.0,0.56890469789505,-0.2664913833141327,-0.5254083183082474,tlNBL
1.0,0.5480775833129883,-0.2805588841438293,0.9978193874184861,tlNBL
1.0,0.6171269416809082,-0.27005136013031,-0.41875619156009175,scgnIN
1.0,0.6315068602561951,-0.2533604800701141,-0.9994451005067392,scgnIN
1.0,0.6776292324066162,-0.317351222038269,0.8781106991847347,VLMC
1.0,0.6439092755317688,-0.2610462307929992,-0.9478386077438579,scgnIN
1.0,0.6598489880561829,-0.2902356088161468,0.8121224690563026,scgnIN
1.0,0.7070624828338623,-0.3180840611457824,0.90527088213135,VLMC
1.0,0.5979496240615845,-0.2689303755760193,-0.8933113720193102,scgnIN
1.0,0.5315206050872803,-0.2674502432346344,0.8826442174547164,sfrpEGC
1.0,0.6368191838264465,-0.2713914811611175,-0.7040667101659251,scgnIN
1.0,0.6840597987174988,-0.2918077111244201,0.8893471501166508,scgnIN
1.0,0.6510233879089355,-0.2901996374130249,0.8535881004886622,scgnIN
1.0,0.6049156188964844,-0.2820049524307251,-0.7746253724084294,scgnIN
1.0,0.506916880607605,-0.2430367171764373,0.9692317243523827,VLMC
1.0,0.50447678565979,-0.2605595588684082,0.9991230990837947,VLMC
1.0,0.66989666223526,-0.2829218506813049,-0.9768125536049179,scgnIN
1.0,0.602769136428833,-0.2880327105522156,-0.5435051108224414,scgnIN
1.0,0.5981112718582153,-0.2625161111354828,-0.768049688651878,tlNBL
1.0,0.6208164691925049,-0.2973833084106445,-0.9955493063093723,scgnIN
1.0,0.5611004829406738,-0.277269959449768,0.8570002427123282,tlNBL
1.0,0.6740325689315796,-0.2832996547222137,-0.9943784382484372,scgnIN
1.0,0.5939188003540039,-0.2769433557987213,-0.820594421278867,tlNBL
1.0,0.6167795658111572,-0.2870466411113739,-0.9769253549388612,scgnIN
1.0,0.6294516324996948,-0.3000792264938354,-0.9446803900334124,scgnIN
1.0,0.4960509836673736,-0.2829918265342712,0.921823884658573,VLMC
1.0,0.4624592065811157,-0.2421111315488815,-0.9929129903167515,wntEGC
1.0,0.5352005958557129,-0.274907648563385,0.7855859320623282,sfrpEGC
1.0,0.5364891886711121,-0.2715402543544769,0.35945823418577916,sfrpEGC
1.0,0.6451220512390137,-0.2845543622970581,0.7426831099538125,scgnIN
1.0,0.6155394315719604,-0.298816978931427,-0.9493684353026737,tlNBL
1.0,0.2834240198135376,-0.252249151468277,0.5592952917232056,sstIN
1.0,0.6743072867393494,-0.2870963215827942,-0.6795469172162208,obNBL
1.0,0.4528480768203735,-0.2608993053436279,-0.9592528172067115,wntEGC
1.0,0.5968906879425049,-0.2958678901195526,0.8737631485749274,MSN
1.0,0.5792757272720337,-0.2951784133911133,0.358336597100578,tlNBL
1.0,0.5586957931518555,-0.286346971988678,0.9976163294452342,tlNBL
1.0,0.510052502155304,-0.2618537843227386,0.9945880346604385,VLMC
1.0,0.3617706894874573,-0.2455418109893798,-0.8081581810895174,mpEX
1.0,0.5877692699432373,-0.2928572297096252,-0.4331961614407313,tlNBL
1.0,0.6560598015785217,-0.3078030347824096,0.9871397266451373,scgnIN
1.0,0.4949996173381805,-0.2907047271728515,0.998470374726214,VLMC
1.0,0.7032742500305176,-0.3113973736763,0.9663540597730391,obNBL
1.0,0.5517111420631409,-0.2904347777366638,0.9999658272116616,sfrpEGC
1.0,0.486621081829071,-0.2799403071403503,0.7243516429723112,VLMC
1.0,0.5166608095169067,-0.2702492475509643,0.9987475684577372,VLMC
1.0,0.4393602609634399,-0.2485567480325698,-0.9739298478075299,wntEGC
1.0,0.6399765610694885,-0.3174036741256714,0.16686253061251846,scgnIN
1.0,0.5593673586845398,-0.2876267433166504,0.8768374169304467,tlNBL
1.0,0.6281287670135498,-0.3062660098075866,-0.9976511116620792,MSN
1.0,0.6194445490837097,-0.2873584330081939,-0.08296917997044899,MSN
1.0,0.3725414276123047,-0.2454579472541809,-0.9968457365861486,mpEX
1.0,0.6803399324417114,-0.3040988445281982,0.8833110171866301,MSN
1.0,0.4096476435661316,-0.2462629079818725,-0.7680327738940437,mpEX
1.0,0.3867745995521545,-0.256067544221878,0.8803573976792237,mpEX
1.0,0.6047430634498596,-0.3166928887367248,-0.5429379374737758,tlNBL
1.0,0.5661547183990479,-0.2997820675373077,0.9949481296814275,tlNBL
1.0,0.5260075926780701,-0.2847471833229065,0.8800662720612513,sfrpEGC
1.0,0.4869550466537475,-0.2681153416633606,0.34839843385916386,VLMC
1.0,0.4559492170810699,-0.2600875198841095,0.7175874483822727,wntEGC
1.0,0.7024437189102173,-0.3000199794769287,-0.8867327227416197,obNBL
1.0,0.5993131995201111,-0.3165977597236633,-0.9492496400480419,cckIN
1.0,0.6924712657928467,-0.3136685490608215,-0.8796200472529488,scgnIN
1.0,0.6652294993400574,-0.3080985248088836,-0.8778460624191297,scgnIN
1.0,0.6199793815612793,-0.3104498088359833,0.9969691820886668,scgnIN
1.0,0.6505036354064941,-0.3222830295562744,-0.7312730601386208,scgnIN
1.0,0.5385749936103821,-0.2927432656288147,0.9998565074906948,sfrpEGC
1.0,0.2980161309242248,-0.2435734272003173,0.9951377669142454,sstIN
1.0,0.463101863861084,-0.2640886604785919,-0.13444292643704114,wntEGC
1.0,0.4369251132011413,-0.2610785961151123,-0.9821646619594427,wntEGC
1.0,0.3411248624324798,-0.2625260353088379,-0.5421756471659644,mpEX
1.0,0.4350335001945495,-0.2800110876560211,-0.964954661282097,wntEGC
1.0,0.2623189091682434,-0.2410225570201873,-0.8609992233052707,mpIN
1.0,0.5472481846809387,-0.3127719163894653,0.8998782964159745,tlNBL
1.0,0.5010480880737305,-0.2930127382278442,0.9647533830312942,VLMC
1.0,0.320895791053772,-0.2566739022731781,0.8988403917443579,mpEX
1.0,0.2951127290725708,-0.2546873986721039,-0.9844145943271931,mpIN
1.0,0.7070404291152954,-0.3326210677623749,0.7735667124003682,scgnIN
1.0,0.5710841417312622,-0.311930239200592,0.8733125207871157,tlNBL
1.0,0.6370435357093811,-0.2963533401489258,-0.5221872034050846,MSN
1.0,0.5095335245132446,-0.2755524516105652,0.9962681935193615,VLMC
1.0,0.6480224132537842,-0.326271653175354,-0.8968495953970256,scgnIN
1.0,0.4949657618999481,-0.2958780229091644,0.8291374091632031,VLMC
1.0,0.3725165724754333,-0.2571460902690887,-0.6463215514397646,mpEX
1.0,0.698686957359314,-0.3249682784080505,-0.8095691090087432,scgnIN
1.0,0.6075570583343506,-0.3267878592014313,0.9993393728980277,scgnIN
1.0,0.6109668612480164,-0.3167302012443542,-0.9998828307430813,scgnIN
1.0,0.6404378414154053,-0.3284874856472015,-0.9873128494049372,scgnIN
1.0,0.3771983981132507,-0.2804309725761413,0.846516843647118,MCG
1.0,0.574186384677887,-0.3128906488418579,0.362488561780149,tlNBL
1.0,0.5798004865646362,-0.3098392784595489,-0.8481735813035466,scgnIN
1.0,0.5574256181716919,-0.3016596436500549,0.9996496987459237,sfrpEGC
1.0,0.5333828330039978,-0.2892177700996399,0.9997403390372643,VLMC
1.0,0.6787948608398438,-0.3390157520771026,0.5085161533247241,scgnIN
1.0,0.55758136510849,-0.3192408680915832,-0.98778205628548,tlNBL
1.0,0.4018610119819641,-0.2657079696655273,0.4716253352047194,mpEX
1.0,0.6600434184074402,-0.3428810238838196,-0.9906274630354578,scgnIN
1.0,0.5889185070991516,-0.3076857328414917,0.9820060980945841,scgnIN
1.0,0.2907646894454956,-0.2542273104190826,-0.9880571796422574,mpEX
1.0,0.5254272818565369,-0.2914371490478515,0.9970743787461689,VLMC
1.0,0.6333922147750854,-0.3303360044956207,-0.9959630710282242,scgnIN
1.0,0.2990057170391083,-0.2590378522872925,-0.9235989433251328,MSN
1.0,0.4913586378097534,-0.3066774010658264,0.9987962194793181,VLMC
1.0,0.4376474618911743,-0.2667549848556518,-0.976064945917959,wntEGC
1.0,0.4198912978172302,-0.2699333429336548,-0.997741320856198,wntEGC
1.0,0.5563749074935913,-0.325520783662796,0.9623955270133074,tlNBL
1.0,0.3078575134277344,-0.2674700021743774,0.5249325952207857,sstIN
1.0,0.3145950436592102,-0.2526299953460693,-0.06970721188906684,sstIN
1.0,0.5235744118690491,-0.3173571825027466,0.8966863757032584,sfrpEGC
1.0,0.3367069959640503,-0.2716110944747925,-0.3904151572839165,VLMC
1.0,0.5789260864257812,-0.3145710229873657,-0.8302948873590371,scgnIN
1.0,0.6090900897979736,-0.3353042602539062,0.7589952341863974,scgnIN
1.0,0.2413942664861679,-0.2594711184501648,-0.9063120908737932,mpEX
1.0,0.6925734281539917,-0.3250827193260193,-0.999956856272328,scgnIN
1.0,0.4434564411640167,-0.2761580348014831,0.42965009443393387,wntEGC
1.0,0.6183128356933594,-0.3380099833011627,-0.6717442726708033,scgnIN
1.0,0.3942073583602905,-0.2729057669639587,-0.9026209741704966,sstIN
1.0,0.6341135501861572,-0.3304023444652557,-0.796757541861474,scgnIN
1.0,0.5556254386901855,-0.3163339793682098,0.9405429367311112,sfrpEGC
1.0,0.3612513840198517,-0.2772305905818939,-0.5634809591091636,mpEX
1.0,0.6713539361953735,-0.327117383480072,0.9099047426000446,scgnIN
1.0,0.5108337998390198,-0.3052923679351806,0.999397307522024,VLMC
1.0,0.5953265428543091,-0.345521330833435,0.9942573875625881,scgnIN
1.0,0.703723669052124,-0.360254168510437,-0.9954240354408109,scgnIN
1.0,0.5363180041313171,-0.3386836349964142,0.9946789098012361,VLMC
1.0,0.4168530106544494,-0.2743439376354217,-0.9781197421715112,wntEGC
1.0,0.6630518436431885,-0.34620201587677,-0.9992226925389367,scgnIN
1.0,0.6091563105583191,-0.3237096667289734,0.8680162328289092,scgnIN
1.0,0.1471877247095108,-0.2480040788650512,0.8741332936635681,mpEX
1.0,0.2618445158004761,-0.2876746654510498,-0.7973450286132717,MCG
1.0,0.53334641456604,-0.3119511604309082,0.31312615714556824,sfrpEGC
1.0,0.504389762878418,-0.2967454791069031,0.9947966092675655,VLMC
1.0,0.5652567744255066,-0.3274983167648315,0.8610892032120593,tlNBL
1.0,0.4427675008773803,-0.2838959693908691,-0.009619503592260584,wntEGC
1.0,0.4196062386035919,-0.2753420770168304,-0.9531064981938054,mpEX
1.0,0.4207838773727417,-0.2826362252235412,0.4966966020837144,wntEGC
1.0,0.6018957495689392,-0.3282636106014251,0.9020690149588722,scgnIN
1.0,0.2609966099262237,-0.2690624594688415,-0.5534074885125189,mpEX
1.0,0.6895737648010254,-0.3298601508140564,-0.9833070950773022,scgnIN
1.0,0.4946159720420837,-0.3046998381614685,0.9979631457413535,VLMC
1.0,0.5499656796455383,-0.3404735922813415,0.9129503917406001,sfrpEGC
1.0,0.6277604103088379,-0.3428041040897369,-0.7127795188055904,scgnIN
1.0,0.6666863560676575,-0.3609355688095093,-0.2474272105697067,scgnIN
1.0,0.3157304227352142,-0.2897989153861999,0.9849991344066938,mpIN
1.0,0.214142844080925,-0.2516959607601166,-0.6329585206660562,mpEX
1.0,0.2003281116485595,-0.2540774643421173,-0.6812757483926862,mpEX
1.0,0.6024729013442993,-0.3369440734386444,-0.6027715853931189,scgnIN
1.0,0.3031275570392608,-0.2750831544399261,0.624982647798547,mpIN
1.0,0.6011552810668945,-0.3531039953231811,0.90935733956521,scgnIN
1.0,0.5670536160469055,-0.3331074118614197,0.9327409648301213,tlNBL
1.0,0.537771999835968,-0.3318726718425751,0.9927076473858835,VLMC
1.0,0.5000324249267578,-0.3269717693328857,0.9965241852037418,VLMC
1.0,0.436160683631897,-0.2946387529373169,0.6945006724244192,wntEGC
1.0,0.3605983257293701,-0.2760637402534485,-0.40150474768340944,mpEX
1.0,0.1423176378011703,-0.2534115612506866,-0.9785934394684808,mpEX
1.0,0.6280865669250488,-0.3495410084724426,-0.982058768289424,scgnIN
1.0,0.2103141397237777,-0.2697152197360992,0.3928274060542592,mpIN
1.0,0.6678729057312012,-0.3418971002101898,0.8514955223135411,scgnIN
1.0,0.427379846572876,-0.3007743954658508,-0.9797796455799965,wntEGC
1.0,0.6263366341590881,-0.3484125733375549,-0.35916048525554545,scgnIN
1.0,0.2781723141670227,-0.2736867666244507,-0.8627876899258835,mpEX
1.0,0.1278426349163055,-0.2474428415298462,-0.652565376863256,sstIN
1.0,0.6473621726036072,-0.3417123556137085,-0.20670849968791286,scgnIN
1.0,0.3863201737403869,-0.2910535633563995,-0.861264674247141,sstIN
1.0,0.5354181528091431,-0.32381272315979,0.9371542643402831,sfrpEGC
1.0,0.2643886804580688,-0.2849262058734894,-0.999369978685837,mpEX
1.0,0.5140911340713501,-0.3286579251289367,0.9785582750595219,VLMC
1.0,0.3595552146434784,-0.2888638973236084,-0.5704210630113515,mpEX
1.0,0.5805286169052124,-0.3457455039024353,0.8964075270715469,scgnIN
1.0,0.1842035055160522,-0.2469052672386169,-0.9851136800068678,mpEX
1.0,0.244506150484085,-0.2560703456401825,-0.8239321827770151,mpEX
1.0,0.6059357523918152,-0.3330370187759399,0.11429630575649152,tlNBL
1.0,0.0815910398960113,-0.2529067695140838,0.07241965218171226,CMPN
1.0,0.649606466293335,-0.3487882614135742,-0.3613421488523185,scgnIN
1.0,0.575556218624115,-0.3286672830581665,-0.20977650395437672,tlNBL
1.0,0.4861846566200256,-0.3438956141471863,0.9486255462683316,VLMC
1.0,0.4076445400714874,-0.2862640619277954,-0.944822961160023,mpEX
1.0,0.6413484811782837,-0.3531713187694549,0.7789479362813044,VLMC
1.0,0.2640559077262878,-0.2745273113250732,0.43395344348768283,mpEX
1.0,0.5561251640319824,-0.3543487787246704,0.9858905599199291,sfrpEGC
1.0,0.5946429967880249,-0.3296902477741241,-0.9943577887502966,scgnIN
1.0,0.6095710396766663,-0.3532686233520508,-0.6946623083657014,tlNBL
1.0,0.5404056310653687,-0.3262605667114258,-0.012131296766951875,sfrpEGC
1.0,0.6833115220069885,-0.3601084351539612,0.3079019785531644,scgnIN
1.0,0.6858406066894531,-0.3343554139137268,0.34659192414149603,scgnIN
1.0,0.4968598783016205,-0.3480079770088196,0.9986682492883483,VLMC
1.0,0.6837970614433289,-0.3670810461044311,0.9633310129206732,obNBL
1.0,0.4429384469985962,-0.2891579866409302,-0.9426099290927257,wntEGC
1.0,0.4542195796966553,-0.3054039180278778,0.9183263418199901,wntEGC
1.0,0.6604541540145874,-0.3670074939727783,-0.9970711934625589,MSN
1.0,0.6242903470993042,-0.3606835007667541,-0.4561326255846126,MSN
1.0,0.5406481623649597,-0.3387139439582824,0.8541688366004122,sfrpEGC
1.0,0.6483538150787354,-0.3480399250984192,0.9356035563039586,MSN
1.0,0.5670369863510132,-0.3458835482597351,-0.7468298297856172,tlNBL
1.0,0.3574811518192291,-0.2865874469280243,0.2056982616841209,mpEX
1.0,0.3120660483837127,-0.2793717980384826,0.45317409908270223,mpEX
1.0,0.6397292017936707,-0.3489148020744324,-0.23877059656862168,obNBL
1.0,0.3812295496463775,-0.2954322099685669,0.9997312023160678,mpEX
1.0,0.1806095093488693,-0.2886554598808288,-0.039551576173737314,cckIN
1.0,0.1462702453136444,-0.2896642982959747,-0.9731864032003188,mpIN
1.0,0.5492001175880432,-0.3384180665016174,0.8892301660083692,sfrpEGC
1.0,0.5204554796218872,-0.3275488913059234,0.9834100664086468,VLMC
1.0,0.1905266195535659,-0.2704483270645141,0.9815531826286311,mpEX
1.0,0.3321498334407806,-0.2873026132583618,0.9574459657955073,mpEX
1.0,0.6317742466926575,-0.3768648505210876,-0.8814640044939791,tlNBL
1.0,0.1489628106355667,-0.265413761138916,0.4913457130155779,mpEX
1.0,0.5159497857093811,-0.356514573097229,0.9989574740613205,VLMC
1.0,0.4301103949546814,-0.3290365934371948,0.6118561412092544,wntEGC
1.0,0.0575421564280986,-0.2646972239017486,-0.0197002163803263,MCG
1.0,0.495085209608078,-0.3397529125213623,0.9998414839415235,VLMC
1.0,0.6996495127677917,-0.3639365136623382,0.5830167241506875,obNBL
1.0,0.6665101647377014,-0.3620242476463318,0.1864130349132988,MCG
1.0,0.6050655245780945,-0.3688681721687317,-0.9745641207405645,tlNBL
1.0,0.5888853073120117,-0.3605890274047851,-0.8586200740105556,tlNBL
1.0,0.3864181637763977,-0.3283773064613342,-0.9698048821472076,dpEX
1.0,0.2097681760787964,-0.2832890152931213,0.9999998713526659,mpEX
1.0,0.1276547908782959,-0.2824552655220032,-0.9534124208846804,MCG
1.0,0.4257393777370453,-0.3055927753448486,-0.8058984704639156,wntEGC
1.0,0.0640110224485397,-0.2627762258052826,0.8772480029663711,VLMC
1.0,0.6311159729957581,-0.3759187757968902,-0.5537938850094105,MSN
1.0,0.6626119613647461,-0.3695127964019775,0.8431357290281627,VLMC
1.0,0.5528939366340637,-0.3480979800224304,0.08323695696707063,sfrpEGC
1.0,0.559567928314209,-0.3592353463172912,-0.579354230971663,tlNBL
1.0,0.6715081930160522,-0.3846732079982757,-0.8359246130601955,scgnIN
1.0,0.5432034730911255,-0.3434120416641235,0.8163145137450784,sfrpEGC
1.0,0.2511857748031616,-0.3006533980369568,-0.9953374712728293,mpEX
1.0,0.6039209365844727,-0.3608034253120422,0.9967305453980951,tlNBL
1.0,0.6274986267089844,-0.358119785785675,0.9311412557091187,MSN
1.0,0.3753348588943481,-0.3155567646026611,-0.9435818192842906,mpEX
1.0,0.6824636459350586,-0.368076354265213,0.9032416274999852,obNBL
1.0,0.5442744493484497,-0.3550357520580292,0.6373904473197706,sfrpEGC
1.0,0.4230959415435791,-0.3308554291725158,0.7352155575676451,wntEGC
1.0,0.64731764793396,-0.3755416870117187,0.5966549338912528,VLMC
1.0,0.2708059549331665,-0.2925854325294494,-0.9732618211006282,mpEX
1.0,0.6154525876045227,-0.3656321763992309,-0.9634077198899311,scgnIN
1.0,0.4089774191379547,-0.3201419115066528,-0.9940331455761199,mpEX
1.0,0.1808121353387832,-0.2806369066238403,-0.14113125207858254,mpEX
1.0,0.577103853225708,-0.3553723394870758,0.0867736418088774,scgnIN
1.0,0.5056655406951904,-0.3534197807312011,0.9988187970845397,VLMC
1.0,0.166155532002449,-0.271011084318161,0.6785537575946288,mpEX
1.0,0.549490213394165,-0.359383225440979,0.9326711812529863,VLMC
1.0,0.4046932160854339,-0.3290576338768005,-0.9983837282056942,mpEX
1.0,0.298993855714798,-0.3109602332115173,0.7608578843266574,mpEX
1.0,0.5812932252883911,-0.3685486912727356,0.8551714065335655,tlNBL
1.0,0.589851975440979,-0.3706210255622864,0.9998106708932246,tlNBL
1.0,0.0556988194584846,-0.305801510810852,-0.31349447060496766,VLMC
1.0,0.6410284042358398,-0.3801473975181579,0.29390617941452957,scgnIN
1.0,0.7075170874595642,-0.3702442049980163,0.9590146288875148,VLMC
1.0,0.3474647998809814,-0.323216438293457,-0.7876259916725136,sstIN
1.0,0.6031092405319214,-0.3816269636154175,0.999451362288085,scgnIN
1.0,0.3806944489479065,-0.3110212981700897,-0.5467402046703027,mpEX
1.0,0.1756435185670852,-0.3120127320289612,0.9870105614876662,sstIN
1.0,0.5488643050193787,-0.3600673675537109,0.9368699630808417,sfrpEGC
1.0,0.5553565621376038,-0.3741698861122131,0.8298574036670795,sfrpEGC
1.0,0.6658357381820679,-0.3843548893928528,-0.8220281291226146,scgnIN
1.0,0.4878457188606262,-0.3490786552429199,0.9959863342093109,VLMC
1.0,0.6390445232391357,-0.3957948684692383,-0.2568933975955228,MSN
1.0,0.5878602266311646,-0.3836133182048797,0.9939258560094762,tlNBL
1.0,0.4211936891078949,-0.327858954668045,-0.5729186557073607,wntEGC
1.0,0.6940357089042664,-0.3849005103111267,0.5773515386642888,VLMC
1.0,0.3329407870769501,-0.3160467147827148,-0.9944674456675368,dpEX
1.0,0.5804278254508972,-0.3825647830963135,0.8970945312935144,tlNBL
1.0,0.383472740650177,-0.335355132818222,-0.9998530633990153,mpEX
1.0,0.2428661286830902,-0.297341376543045,-0.9999994443155396,mpEX
1.0,0.2463027685880661,-0.2831024527549743,0.8072300275529819,mpIN
1.0,0.5557748079299927,-0.3750072419643402,0.609034970992569,sfrpEGC
1.0,0.4252917468547821,-0.331240177154541,-0.6326422561930483,wntEGC
1.0,0.6704131960868835,-0.3826265335083008,0.6810768310905008,MCG
1.0,0.308594286441803,-0.2947763800621032,-0.16562350986147198,mpEX
1.0,0.1683700531721115,-0.2981460690498352,0.9342443633765414,mpEX
1.0,0.5173783302307129,-0.3738047480583191,0.998517113018205,VLMC
1.0,0.6179788112640381,-0.3872753381729126,-0.975689620433534,tlNBL
1.0,0.6555538773536682,-0.3927645683288574,-0.9850753343792167,cckIN
1.0,0.5999547243118286,-0.3740697503089905,-0.7031901945754214,tlNBL
1.0,0.2794962227344513,-0.316113144159317,-0.9775037641100429,mpEX
1.0,0.6445622444152832,-0.3930839896202087,-0.4974962505825003,VLMC
1.0,0.5899666547775269,-0.3838763833045959,0.9983257677666015,tlNBL
1.0,0.6329262256622314,-0.3981663584709167,-0.7827190818506375,MSN
1.0,0.5137425661087036,-0.3880299925804138,0.9877509541900393,VLMC
1.0,0.4043956995010376,-0.3327969908714294,-0.9925581364640511,mpEX
1.0,0.5627977848052979,-0.3816366195678711,-0.4539746999907379,sfrpEGC
1.0,-0.0784784108400344,-0.2841594815254211,-0.987543098072171,mpEX
1.0,0.413661390542984,-0.3313939869403839,-0.22938921570796603,wntEGC
1.0,0.7044130563735962,-0.3976033329963684,-0.5245257870335174,MCG
1.0,0.6599324941635132,-0.4061642289161682,-0.7696547848721563,MCG
1.0,0.3354170620441437,-0.3320129513740539,0.9999745908016864,mpEX
1.0,0.5119054317474365,-0.3662720918655395,0.9999843011497783,VLMC
1.0,0.5780096650123596,-0.3804033696651459,0.8259562674185309,tlNBL
1.0,0.6922186613082886,-0.3871355652809143,0.9971241439800489,scgnIN
1.0,0.3634776473045349,-0.3375369310379028,-0.9997830817023633,mpEX
1.0,-0.0027771443128585,-0.2942946255207062,0.9863798361591827,MCG
1.0,0.1406097561120987,-0.3151292502880096,-0.9925273136021389,mpIN
1.0,0.2838767766952514,-0.3141795098781585,-0.05465889777221216,mpEX
1.0,0.6188806295394897,-0.3899165391921997,0.6605561805522446,MSN
1.0,0.3698189556598663,-0.3337761163711548,-0.9827988851647498,mpEX
1.0,0.6046119332313538,-0.3964572250843048,-0.6072122493332776,tlNBL
1.0,0.594477653503418,-0.3872004151344299,-0.9791063928524658,tlNBL
1.0,0.5583255887031555,-0.3927894234657287,0.932018770490478,sfrpEGC
1.0,0.4248916804790497,-0.3412490785121918,0.9341729442700043,wntEGC
1.0,0.694839358329773,-0.4082924723625183,0.9960201597476115,scgnIN
1.0,0.6676172614097595,-0.4049798250198364,-0.27087623281247547,scgnIN
1.0,0.6207602620124817,-0.3921598196029663,-0.8888295253463624,MSN
1.0,0.4035841822624206,-0.3341724276542663,-0.9893486012215813,mpEX
1.0,0.3331106305122375,-0.3438599407672882,-0.9999999981996682,mpEX
1.0,0.5550514459609985,-0.4086363315582275,0.9289503098802435,tlNBL
1.0,0.5449746251106262,-0.3830160498619079,0.8764311826350606,sfrpEGC
1.0,0.7056275010108948,-0.4148697853088379,0.8831636581216932,obNBL
1.0,0.6160086989402771,-0.3940421342849731,0.9887437713086958,tlNBL
1.0,0.4134528040885925,-0.350548505783081,-0.8263322154280757,wntEGC
1.0,0.2736702561378479,-0.3286871314048767,-0.9819252772478115,mpEX
1.0,0.28481325507164,-0.3083549737930298,0.16738598797907286,mpEX
1.0,0.1717408001422882,-0.3078832924365997,0.8115445259321845,dpEX
1.0,0.2159297317266464,-0.3046615719795227,-0.025545526859339765,mpIN
1.0,0.6472820043563843,-0.3996431827545166,-0.590256769881284,tlNBL
1.0,0.4838273525238037,-0.3871550559997558,0.9965927722146474,VLMC
1.0,0.0839648023247718,-0.2890980541706085,0.9973180257873004,MCG
1.0,0.2125742137432098,-0.3274874687194824,-0.665864404670948,mpEX
1.0,-0.0027086548507213,-0.3345047831535339,-0.9999446397906709,VLMC
1.0,0.5986615419387817,-0.3998895287513733,-0.45528992619526354,tlNBL
1.0,0.4357717633247375,-0.3405853509902954,0.9647245419190319,wntEGC
1.0,-0.0740782916545867,-0.2962302565574646,0.8893731357744847,mpEX
1.0,0.6422725915908813,-0.4019121527671814,-0.09981626952990491,MSN
1.0,0.1790334731340408,-0.3292405605316162,-0.08718370367308813,mpIN
1.0,0.5709922313690186,-0.4053264558315277,0.8171959247366621,tlNBL
1.0,0.5110036730766296,-0.3934316635131836,-0.9813539239516254,VLMC
1.0,0.4121493697166443,-0.345044195652008,0.7185432298480992,wntEGC
1.0,0.0048276223242282,-0.3286260068416595,0.911783556048566,VLMC
1.0,0.684398889541626,-0.4088789224624634,-0.8633648015337584,scgnIN
1.0,0.2365085482597351,-0.343088150024414,0.7826298893343142,mpEX
1.0,0.6074718236923218,-0.3919419050216675,-0.9839411342414333,tlNBL
1.0,0.5997873544692993,-0.4042432308197021,-0.7336826651695059,tlNBL
1.0,0.2964968681335449,-0.3325021266937256,-0.09546556130959462,mpEX
1.0,0.0861698314547538,-0.3240277469158172,0.9646527358165183,mpEX
1.0,0.0892068743705749,-0.3245611786842346,0.9824147869763319,cckIN
1.0,0.3193541169166565,-0.3391196429729461,0.9999681469001086,mpEX
1.0,-0.003121729940176,-0.3192859888076782,-0.9988375889748391,reaEGC
1.0,0.1728857457637787,-0.29866623878479,0.9888180187314749,mpIN
1.0,0.6273118257522583,-0.4285899698734283,-0.9422836247997975,MSN
1.0,0.4031526446342468,-0.3412981629371643,-0.9442471062264534,wntEGC
1.0,0.0059641860425472,-0.2954502999782562,-0.5310185529689933,VLMC
1.0,0.5629059076309204,-0.3981906771659851,0.9775118286576375,sfrpEGC
1.0,0.6417064666748047,-0.4171235561370849,-0.9140847228286553,MCG
1.0,0.3540211319923401,-0.3532792329788208,-0.8742353888188598,mpEX
1.0,-0.078458085656166,-0.3186279833316803,0.9141551275329793,mpEX
1.0,0.6793189644813538,-0.4083617329597473,0.9205912118319691,scgnIN
1.0,0.1777975261211395,-0.3165580034255981,-0.702776681837296,mpIN
1.0,0.505366861820221,-0.4266729950904846,-0.9997300850697177,VLMC
1.0,0.1885533034801483,-0.3396026492118835,-0.1719616353085857,mpEX
1.0,0.3398837447166443,-0.3675271272659302,0.9914267242038582,mpEX
1.0,0.6523770093917847,-0.4106349050998688,-0.9779675902617876,MSN
1.0,0.5666484832763672,-0.406883180141449,0.8929051517665216,sfrpEGC
1.0,0.2372350543737411,-0.3341966271400451,0.9934475992545269,mpIN
1.0,0.6197996139526367,-0.4275090098381042,-0.8091717710254039,MSN
1.0,0.5838623046875,-0.4048045575618744,0.9205308741376277,tlNBL
1.0,0.5051213502883911,-0.4087175130844116,0.9989320051660092,VLMC
1.0,0.409892201423645,-0.3629719018936157,0.815424645450531,wntEGC
1.0,0.3913872838020324,-0.3513299226760864,-0.9279794056298547,wntEGC
1.0,0.3039947748184204,-0.3664058148860931,-0.45753844659982484,CMPN
1.0,0.6662672162055969,-0.4001061022281647,-0.5616356235388803,scgnIN
1.0,0.4147070646286011,-0.3524113893508911,0.7879862758273545,wntEGC
1.0,0.5541949272155762,-0.4064430892467499,0.6079558100897773,sfrpEGC
1.0,0.1755361557006836,-0.3585482835769653,0.3943387004803516,mpEX
1.0,0.5279840230941772,-0.4128700494766235,0.9888820813040132,VLMC
1.0,0.6250289082527161,-0.4016512036323547,-0.8931777845218429,tlNBL
1.0,0.5216115117073059,-0.402223527431488,0.9973371881323316,VLMC
1.0,0.4788043797016144,-0.4120929539203644,0.9996050634925238,VLMC
1.0,0.0030119121074676,-0.3406111299991607,-0.8762892708250973,VLMC
1.0,0.4849059879779815,-0.4009466767311096,0.997102831705507,VLMC
1.0,0.0177220590412616,-0.3159353137016296,0.7909095143946806,VLMC
1.0,0.1589122712612152,-0.3583771884441376,-0.6095424822573582,mpEX
1.0,0.6946196556091309,-0.4134450554847717,-0.6075897284800464,scgnIN
1.0,-0.075085625052452,-0.3012781143188476,0.7225022799249365,sstIN
1.0,0.5763275623321533,-0.4099465608596802,0.9824216619913729,sfrpEGC
1.0,0.6857651472091675,-0.4352819919586181,0.9541678141290092,scgnIN
1.0,0.3707984983921051,-0.3761293292045593,-0.945299311540652,VLMC
1.0,0.6724632978439331,-0.4044119715690613,-0.37096917143402014,MCG
1.0,0.6393733024597168,-0.4119884371757507,-0.8753792139050712,MCG
1.0,0.5919961929321289,-0.4315861463546753,0.12902629084544032,tlNBL
1.0,0.2068269848823547,-0.3675553202629089,0.14626338258711646,mpIN
1.0,0.5931816101074219,-0.4151540994644165,0.3632142244241075,tlNBL
1.0,0.68543541431427,-0.4258965253829956,0.7126173672883775,scgnIN
1.0,0.6589468717575073,-0.4374521374702453,0.3734775098921548,MSN
1.0,0.5236907601356506,-0.4140578508377075,0.9954406593559144,VLMC
1.0,0.3061658143997192,-0.3594813644886017,0.3385670182695511,mpEX
1.0,0.4794531464576721,-0.4206025898456573,0.9996230648848232,VLMC
1.0,0.3823431134223938,-0.3570563793182373,-0.9278699204640352,wntEGC
1.0,0.3955744504928589,-0.372270405292511,0.8774737158891451,wntEGC
1.0,0.3391456007957458,-0.3627323508262634,0.9931528259107417,mpEX
1.0,0.0754938870668411,-0.3371025919914245,0.9718665097734863,VLMC
1.0,0.5453380346298218,-0.429255723953247,0.884150566176874,sfrpEGC
1.0,0.402502030134201,-0.3857233226299286,-0.8555107285084386,wntEGC
1.0,0.6215152740478516,-0.4297640323638916,0.6200185139780873,tlNBL
1.0,0.620322048664093,-0.441496193408966,0.6711136619787696,MCG
1.0,0.4894278049468994,-0.4129520058631897,0.9943688544042812,VLMC
1.0,0.3837155997753143,-0.3596819639205932,-0.9887519996164303,VLMC
1.0,0.1783585399389267,-0.3554640412330627,-0.9966701051537182,mpEX
1.0,0.2196722477674484,-0.3409016728401184,-0.8284012703472625,mpEX
1.0,0.5124282240867615,-0.4286777675151825,0.9999915045305354,VLMC
1.0,0.5737531781196594,-0.427313357591629,0.9065501232266739,sfrpEGC
1.0,0.1725671887397766,-0.3694598078727722,0.9501925276501193,VLMC
1.0,0.191501036286354,-0.3440382480621338,0.9936433597897505,mpIN
1.0,-0.0897050648927688,-0.3154105544090271,-0.9971425982945611,cckIN
1.0,0.4915487468242645,-0.4223507642745971,0.9915443521196257,VLMC
1.0,0.6574028730392456,-0.4336340427398681,-0.706565090600963,scgnIN
1.0,0.6402357220649719,-0.4211010634899139,-0.4539283061910163,MCG
1.0,0.5886937975883484,-0.4328507483005523,-0.6918222080886655,tlNBL
1.0,0.6812046766281128,-0.4379541277885437,-0.8745314497861009,MSN
1.0,0.5846189260482788,-0.4330087006092071,0.600648413271611,tlNBL
1.0,0.6870906352996826,-0.4416561424732208,0.9886440605448128,scgnIN
1.0,0.4966692328453064,-0.4206979870796203,0.977581453380669,VLMC
1.0,0.5727105140686035,-0.4380828142166137,0.9785592130010204,sfrpEGC
1.0,0.0540163815021514,-0.3396786153316498,-0.1582338728799344,VLMC
1.0,0.1954122930765152,-0.36823570728302,0.9774355414721954,mpIN
1.0,0.5126163363456726,-0.4281404614448547,0.999944282394837,VLMC
1.0,0.6820432543754578,-0.4321280717849731,-0.2867304042977897,scgnIN
1.0,0.3669519424438476,-0.3815980851650238,-0.876694921763594,VLMC
1.0,-0.025893997400999,-0.3337688446044922,0.9849024877079083,VLMC
1.0,0.348249614238739,-0.3779720067977905,-0.9992569201827988,VLMC
1.0,0.30984628200531,-0.3819206655025482,-0.9276126974045424,mpEX
1.0,0.4083098173141479,-0.3742586672306061,-0.09722669003791898,wntEGC
1.0,0.3306084871292114,-0.3736085295677185,-0.7961844303305211,mpEX
1.0,0.6718214750289917,-0.4394372105598449,-0.0781017396682005,scgnIN
1.0,0.6200013756752014,-0.4337780475616455,-0.9381481075519142,MCG
1.0,0.5929904580116272,-0.4371193051338196,0.3647789486086034,reaEGC
1.0,0.6379721164703369,-0.4442023038864136,-0.9978584956396715,scgnIN
1.0,0.6155055165290833,-0.4367530047893524,-0.9107009996778698,tlNBL
1.0,0.1368947774171829,-0.3588944673538208,-0.9291177783011269,nptxEX
1.0,0.6482104063034058,-0.430701196193695,-0.496028863526933,scgnIN
1.0,0.2296963334083557,-0.3567081093788147,-0.9723145302982883,mpEX
1.0,0.2455198913812637,-0.3790280818939209,0.49318184561883754,mpIN
1.0,0.2750943005084991,-0.3530496656894684,-0.9246611843773404,mpEX
1.0,0.6543921232223511,-0.4453142285346985,0.6786022734882923,scgnIN
1.0,0.5952563881874084,-0.4365875720977783,0.6393020402139806,sfrpEGC
1.0,0.5303866863250732,-0.4598249197006225,0.9998885833105791,VLMC
1.0,0.4126489758491516,-0.392693281173706,0.37334556300284993,wntEGC
1.0,0.5720494985580444,-0.4307692646980285,0.999979587176078,sfrpEGC
1.0,0.6986891031265259,-0.4545462131500244,-0.9788635548626179,scgnIN
1.0,0.4968777894973755,-0.4363346099853515,0.9764750566320167,VLMC
1.0,0.4847343564033508,-0.4295606613159179,0.9985472833697475,VLMC
1.0,0.2636372447013855,-0.381439208984375,-0.9959243721131501,mpEX
1.0,0.6564964056015015,-0.462249219417572,-0.9423782105094591,MSN
1.0,0.0538362935185432,-0.3252687454223633,-0.4228104433126218,VLMC
1.0,0.3174748718738556,-0.3622235059738159,-0.9203896218768016,mpEX
1.0,0.502284049987793,-0.4250093102455139,0.9999218026520426,VLMC
1.0,0.5628064274787903,-0.4363508820533752,0.9560669275922566,sfrpEGC
1.0,0.5245122313499451,-0.4271417260169983,-0.9597707797567304,VLMC
1.0,0.5921705365180969,-0.4547741711139679,0.33527584700884483,tlNBL
1.0,0.1508741825819015,-0.3842130899429321,-0.4382660484887178,mpIN
1.0,0.6919161677360535,-0.4499741792678833,0.9372909103637094,scgnIN
1.0,0.6668145656585693,-0.4689220786094665,0.987853456775906,scgnIN
1.0,0.3945292234420776,-0.392410933971405,0.8900257047403828,wntEGC
1.0,0.4272618889808655,-0.3936313986778259,0.6284759511983165,wntEGC
1.0,0.5437767505645752,-0.4408075511455536,0.9999413841865854,VLMC
1.0,0.2375232130289077,-0.3829781711101532,0.9120912958991233,mpIN
1.0,0.1905437409877777,-0.3773913979530334,-0.6104360952571586,sstIN
1.0,0.5854482650756836,-0.436521828174591,0.5659363107071239,sfrpEGC
1.0,0.324223518371582,-0.3926397264003753,-0.992859283143794,mpEX
1.0,0.5190859436988831,-0.4574323892593384,0.9998441267021827,VLMC
1.0,0.5133562684059143,-0.4349851310253143,0.9992380613158743,VLMC
1.0,0.3809147477149963,-0.3833390772342682,-0.5315686351178797,wntEGC
1.0,0.2642733156681061,-0.3798359632492065,0.5959093637935032,mpEX
1.0,0.0103565379977226,-0.3748366832733154,0.7877374296529379,cckIN
1.0,0.5675364136695862,-0.441304087638855,0.9544514260177006,sfrpEGC
1.0,0.2056405693292617,-0.3720529079437256,-0.576224283047818,sstIN
1.0,0.7015855312347412,-0.4495941400527954,0.8143831525927667,scgnIN
1.0,0.6453237533569336,-0.4616180658340454,-0.9818592498216082,MSN
1.0,0.201122298836708,-0.3766243755817413,0.9611153422814632,mpEX
1.0,0.6302822232246399,-0.44078528881073,-0.9997131558287448,MSN
1.0,0.3473288416862488,-0.3922640085220337,-0.9381375659009507,mpEX
1.0,0.5063316822052002,-0.4599039852619171,0.9859671037195269,VLMC
1.0,0.7042849063873291,-0.4758817553520202,0.5169447799637513,scgnIN
1.0,0.6237990856170654,-0.4667098522186279,-0.8818593089719877,tlNBL
1.0,-0.0037121959030628,-0.3856201767921448,0.677070018295051,cckIN
1.0,0.5743640661239624,-0.4478752017021179,0.9876125397405586,sfrpEGC
1.0,0.6552758812904358,-0.4486701786518097,-0.8696590986150482,MSN
1.0,0.5361016392707825,-0.4557394385337829,0.9999086829897539,VLMC
1.0,0.1619919240474701,-0.3882361054420471,0.7997655213373405,mpIN
1.0,0.672591507434845,-0.440806120634079,-0.9186381485821942,scgnIN
1.0,0.3534258902072906,-0.400042712688446,-0.9978551807770132,mpEX
1.0,0.673722505569458,-0.4612231850624084,-0.9470882138919725,MSN
1.0,0.2940782904624939,-0.3987605273723602,-0.9384051235059346,mpEX
1.0,0.3939599990844726,-0.4110930562019348,-0.67619023355797,wntEGC
1.0,0.2744090259075165,-0.3879095613956451,0.9440864749264278,dpEX
1.0,0.6774534583091736,-0.4763402938842773,-0.5042063779452629,scgnIN
1.0,0.29188072681427,-0.394594669342041,-0.2155926195599073,mpEX
1.0,0.5306230783462524,-0.4430391788482666,0.9949085030597281,VLMC
1.0,0.3438062667846679,-0.3995893597602844,-0.9895519656055858,mpEX
1.0,0.1138306632637977,-0.3797644078731537,-0.777766716517958,MCG
1.0,0.1607531756162643,-0.3818838000297546,-0.7831843898288596,mpEX
1.0,0.6347274780273438,-0.4594159126281738,-0.9688616357687408,scgnIN
1.0,0.3899438679218292,-0.4281764328479767,-0.894471339962239,wntEGC
1.0,0.250492662191391,-0.3923864662647247,-0.41314963534330273,mpEX
1.0,0.5933309197425842,-0.4523985087871551,-0.4726737071222687,tlNBL
1.0,0.6300365328788757,-0.4670835137367248,-0.9975153525242666,scgnIN
1.0,0.604335367679596,-0.4471992552280426,-0.06760183269527821,tlNBL
1.0,0.220535472035408,-0.3836542963981628,0.7233330200850416,mpIN
1.0,0.2239424735307693,-0.397653192281723,-0.7353075856632317,mpIN
1.0,0.6117522716522217,-0.471937358379364,-0.8121144438198616,scgnIN
1.0,0.6798557639122009,-0.4743664860725403,0.9783857131553629,scgnIN
1.0,0.3946613669395447,-0.3902856111526489,-0.4657055753560189,wntEGC
1.0,0.1828882843255996,-0.3782687783241272,-0.6502818176221141,mpIN
1.0,0.1966989636421203,-0.4041764140129089,-0.007102148678361903,sstIN
1.0,0.6993688941001892,-0.4598937630653381,0.8684015301216769,tlNBL
1.0,0.6084012985229492,-0.466551274061203,-0.8348455994174478,tlNBL
1.0,0.4918780028820038,-0.4809451401233673,-0.9955514581514319,VLMC
1.0,0.2105600982904434,-0.3809012472629547,-0.9502143755290567,mpIN
1.0,0.3451564610004425,-0.4047542214393616,-0.9903155975656359,mpEX
1.0,0.3197325468063354,-0.4004771709442138,-0.9586799294254276,mpEX
1.0,0.5737773776054382,-0.4582102298736572,-0.1281531491066496,sfrpEGC
1.0,0.2735665142536163,-0.3906398415565491,-0.41289648587211775,mpEX
1.0,0.6672654747962952,-0.4715184569358825,0.9999971786457748,scgnIN
1.0,0.6307290196418762,-0.4637911319732666,-0.9587101057626196,scgnIN
1.0,-0.0432216115295887,-0.3855255246162414,-0.9891682773284034,sstIN
1.0,0.5289574265480042,-0.4660887122154236,0.9999151326223731,VLMC
1.0,0.3607703745365143,-0.4047355055809021,-0.7834262654853459,mpEX
1.0,0.6510484218597412,-0.4590081870555877,-0.8329891062610089,scgnIN
1.0,0.6372140645980835,-0.4639549255371094,0.9690563204094483,scgnIN
1.0,0.5779862999916077,-0.4602604806423187,0.9797337695663448,tlNBL
1.0,0.3998997807502746,-0.4234556555747986,-0.9877788077143925,wntEGC
1.0,0.2569227516651153,-0.3904504179954529,-0.5054066278162163,dpEX
1.0,0.5124252438545227,-0.4559412002563476,0.9975809264313212,VLMC
1.0,0.6274275779724121,-0.4683694243431091,0.9870435789017398,tlNBL
1.0,0.5019291639328003,-0.4757408499717712,0.9996719597412232,VLMC
1.0,0.173398345708847,-0.3938775062561035,0.49695234574261726,mpEX
1.0,0.6232627630233765,-0.4629646837711334,-0.49722662080890745,scgnIN
1.0,0.2064117938280105,-0.3982552587985992,-0.9950960982210657,mpIN
1.0,0.415420264005661,-0.4155394434928894,-0.21880009467661607,wntEGC
1.0,0.2765633463859558,-0.3863408863544464,0.930597245729359,mpEX
1.0,0.5973309874534607,-0.4677013754844665,-0.5788448636245628,tlNBL
1.0,0.3247541785240173,-0.4186291098594665,-0.975354498511375,mpEX
1.0,0.3729698359966278,-0.4185296893119812,-0.8409266686588909,wntEGC
1.0,0.3487852215766907,-0.4059247374534607,-0.9504860645506823,wntEGC
1.0,-0.0681947469711303,-0.3830228745937347,0.5465095214277167,sstIN
1.0,0.6060395240783691,-0.4851230382919311,-0.980725599906049,scgnIN
1.0,0.6087193489074707,-0.4730269014835357,-0.9999210460486949,tlNBL
1.0,0.2210817784070968,-0.411273717880249,-0.9351215737225819,mpIN
1.0,0.6778976917266846,-0.501184344291687,0.6624057106979185,scgnIN
1.0,0.19822958111763,-0.4006083011627197,-0.6296064466747623,mpIN
1.0,0.7038211226463318,-0.4890908598899841,0.9966169127579096,obNBL
1.0,0.67010098695755,-0.4835960865020752,-0.25984528966972104,scgnIN
1.0,0.5746562480926514,-0.4677968323230743,0.8905668514748527,sfrpEGC
1.0,0.3089726865291595,-0.4140633344650268,-0.9732581318326422,mpIN
1.0,0.520774781703949,-0.4666273295879364,0.9999749317967036,VLMC
1.0,0.2909664511680603,-0.4183918833732605,-0.9698528088011094,mpIN
1.0,0.2887660264968872,-0.4166849255561828,-0.8317807483750302,mpEX
1.0,0.3615504801273346,-0.4357098937034607,-0.9530304010336836,wntEGC
1.0,0.7021836042404175,-0.4885816276073456,0.9970224322165813,WSN
1.0,0.4952245354652405,-0.4742365777492523,0.9999950930287781,VLMC
1.0,0.6968655586242676,-0.4897918105125427,0.9674228157647607,scgnIN
1.0,0.510577380657196,-0.4721778035163879,0.9984491228422259,VLMC
1.0,0.6468183398246765,-0.4867004752159118,-0.6860419852285742,MSN
1.0,-0.0723981708288192,-0.3819267451763153,0.7320970563800594,nptxEX
1.0,0.671915590763092,-0.4891510605812073,0.9402505601536872,obNBL
1.0,0.681456446647644,-0.4993115663528442,0.99928181831611,MSN
1.0,0.6247662305831909,-0.4980469644069671,-0.8553554410696511,tlNBL
1.0,0.5829286575317383,-0.4777074754238128,-0.6764448088727073,reaEGC
1.0,0.707018256187439,-0.4941920638084411,0.998910255293011,obNBL
1.0,0.5880254507064819,-0.4779179692268371,-0.712479754786102,reaEGC
1.0,0.2939237356185913,-0.4120506346225738,-0.2492111749835739,mpEX
1.0,0.700282871723175,-0.5051480531692505,0.9392569611756846,scgnIN
1.0,0.3674368262290954,-0.4273768961429596,-0.9859898842167129,wntEGC
1.0,0.3167659044265747,-0.4224136769771576,-0.9943345195202631,mpEX
1.0,0.3829139471054077,-0.4313566088676452,-0.8949809878446789,wntEGC
1.0,0.1565792709589004,-0.4032371342182159,-0.6716609135297796,mpEX
1.0,0.0959241464734077,-0.4006581902503967,-0.8219797754027988,VLMC
1.0,0.2382180094718933,-0.4133013486862182,-0.9921238430446363,dpEX
1.0,0.3606065213680267,-0.4137944281101227,-0.877681566262817,wntEGC
1.0,0.3551159203052521,-0.418293297290802,-0.9679753297461231,wntEGC
1.0,0.5122640132904053,-0.4855690002441406,0.9999976058898348,VLMC
1.0,0.6585823893547058,-0.5105321407318115,-0.9040954885449484,MSN
1.0,0.2869706749916076,-0.4238812923431396,-0.9466623171570906,mpEX
1.0,0.5598437786102295,-0.4861618280410766,0.8699434404883989,sfrpEGC
1.0,0.6041061878204346,-0.4918330311775207,-0.8168402868499387,reaEGC
1.0,0.3005103468894958,-0.4409779906272888,-0.9009080597219226,sstIN
1.0,0.6191315054893494,-0.4903073906898498,-0.9914874575278458,tlNBL
1.0,0.588224470615387,-0.4788964986801147,0.999398227168604,reaEGC
1.0,0.2277891486883163,-0.4348378181457519,0.989049302709666,mpEX
1.0,0.3064089119434356,-0.4356828331947326,-0.9920043430888363,mpIN
1.0,0.1936720758676529,-0.4128623008728027,-0.9943373099090043,mpIN
1.0,0.0703524500131607,-0.3832606673240661,-0.48444758468840543,VLMC
1.0,-0.0810738354921341,-0.4092189073562622,0.352440620528974,sstIN
1.0,0.3863058686256408,-0.448005199432373,-0.814759217575071,wntEGC
1.0,0.7066425681114197,-0.4931432902812958,0.9523433569980425,WSN
1.0,0.6886752843856812,-0.4915599822998047,0.9996029034849332,scgnIN
1.0,0.2602365016937256,-0.4237623214721679,0.9774213205350801,mpIN
1.0,0.6410929560661316,-0.5039793848991394,-0.9741297202515445,scgnIN
1.0,0.6279079914093018,-0.5050845742225647,-0.9971590530884037,MSN
1.0,0.3462461829185486,-0.4516429305076599,-0.9385109543856446,wntEGC
1.0,0.1917032748460769,-0.4283142983913421,0.44645038391761926,mpEX
1.0,0.1508469879627227,-0.4335317015647888,-0.9280328677996281,mpEX
1.0,0.696715235710144,-0.496929258108139,0.9815401519428287,scgnIN
1.0,0.2546688318252563,-0.4366382956504822,-0.7803774479803819,mpEX
1.0,0.7032391428947449,-0.5070472359657288,0.994519005441721,WSN
1.0,0.1726677417755127,-0.433305025100708,0.20407361886928443,mpIN
1.0,0.1735230684280395,-0.4273483753204345,-0.9409939469818149,mpEX
1.0,0.5749298930168152,-0.4874518513679504,-0.28705135806008625,sfrpEGC
1.0,0.6830686330795288,-0.5058655738830566,-0.7155719982049276,scgnIN
1.0,0.6036115884780884,-0.4938505589962005,0.9937962104621266,reaEGC
1.0,0.2195659726858139,-0.4349567890167236,-0.9475684757443213,dpEX
1.0,0.388660728931427,-0.4229811429977417,-0.7955419358223866,wntEGC
1.0,0.6983657479286194,-0.4893551468849182,0.9967309237115191,scgnIN
1.0,0.3694829940795898,-0.4551581144332886,-0.6751815924774266,wntEGC
1.0,0.6273208856582642,-0.5169302821159363,0.6476043557727607,MSN
1.0,0.5935892462730408,-0.498058557510376,-0.9948922774439902,reaEGC
1.0,0.2896896004676819,-0.4408803880214691,0.9999423158059444,mpIN
1.0,0.7011942863464355,-0.5112553834915161,0.989887579136357,obNBL
1.0,0.3546502888202667,-0.4406363666057586,-0.8701730669041131,wntEGC
1.0,0.2869413793087005,-0.4404587745666504,0.24979708512678664,mpEX
1.0,0.195064827799797,-0.4577409327030182,0.9217544245085364,nptxEX
1.0,0.6949821710586548,-0.5147740244865417,0.7707787594823099,scgnIN
1.0,0.1603668928146362,-0.4096984267234802,-0.5846096804133833,dpEX
1.0,0.2575680911540985,-0.4477545619010925,0.27331152151520133,mpEX
1.0,0.3676194548606872,-0.4482299387454986,-0.77157919235261,wntEGC
1.0,0.592836320400238,-0.4966061115264892,0.9994658113559708,reaEGC
1.0,0.5873723030090332,-0.4918179810047149,0.06580331391421698,sfrpEGC
1.0,0.3477970361709595,-0.43367999792099,-0.9800073867540242,MCG
1.0,0.6983479261398315,-0.5378599166870117,0.9453798322172344,scgnIN
1.0,0.6394279599189758,-0.5086906552314758,-0.9999329857529089,scgnIN
1.0,0.3014929294586181,-0.43727707862854,-0.8564868994045898,mpEX
1.0,0.2889447212219238,-0.4433025121688843,-0.9999922632718683,mpIN
1.0,0.6476633548736572,-0.506942868232727,0.7963798615955394,MSN
1.0,0.2601131498813629,-0.4599143266677856,0.6921181193412002,sstIN
1.0,0.2308453917503357,-0.4417261183261871,-0.06315269680323891,sstIN
1.0,0.0916507393121719,-0.443377822637558,0.8806050345419987,VLMC
1.0,0.2620678544044494,-0.4250352084636688,0.37950470029518285,dpEX
1.0,0.2533415257930755,-0.4321170747280121,0.4748882528968802,dpEX
1.0,0.165321409702301,-0.4329312443733215,0.9707330916782008,mpEX
1.0,0.6211448907852173,-0.5090377330780029,-0.9665385175463809,scgnIN
1.0,0.356117308139801,-0.4439650774002075,-0.7926085865577744,wntEGC
1.0,0.7046043872833252,-0.5247151851654053,0.9799559939682809,WSN
1.0,0.5980521440505981,-0.5024115443229675,-0.7434313959220544,reaEGC
1.0,0.3795588612556457,-0.4571563601493835,0.7495616799506694,wntEGC
1.0,0.1958982497453689,-0.4551067352294922,-0.7116895104093681,dpEX
1.0,0.5954707264900208,-0.5196573734283447,-0.9406928278502215,reaEGC
1.0,0.3615428507328033,-0.4362523555755615,-0.9029555830947265,reaEGC
1.0,0.6010410189628601,-0.5067995190620422,-0.9591166942919462,MSN
1.0,0.3526680767536163,-0.4698304533958435,-0.9171536380489134,ribEGC
1.0,0.6747461557388306,-0.5164104700088501,0.7444148479680806,scgnIN
1.0,0.1967215985059738,-0.4571889042854309,-0.9789539796207491,mpEX
1.0,0.137590616941452,-0.4469992816448211,-0.9979763031996688,mpEX
1.0,0.3145342469215393,-0.4651330411434173,-0.7563227238250516,reaEGC
1.0,0.2760516703128814,-0.4591031968593597,-0.7733985087013713,dpEX
1.0,0.1805693358182907,-0.4410823583602905,0.7463634610743227,mpEX
1.0,0.680229663848877,-0.5229847431182861,0.8599087455475197,WSN
1.0,0.1961634159088134,-0.4636066555976867,0.2549218483998625,mpEX
1.0,0.5796000957489014,-0.4994997978210449,0.9663605140720463,reaEGC
1.0,0.1433610320091247,-0.4740448892116546,-0.9749874784973225,nptxEX
1.0,0.2153586745262146,-0.4552492201328277,-0.9961343417568449,sstIN
1.0,0.6193205118179321,-0.530838131904602,-0.9583074000559366,MCG
1.0,0.3365615308284759,-0.4683862328529358,-0.9797828942851862,wntEGC
1.0,0.6619181036949158,-0.5173666477203369,0.3024158343828208,scgnIN
1.0,0.3591676950454712,-0.4471351206302643,-0.6268846745417238,wntEGC
1.0,0.5773730278015137,-0.5117934346199036,0.17458298046001824,reaEGC
1.0,0.6102517247200012,-0.5399670600891113,-0.9501180817109547,MSN
1.0,0.2583094239234924,-0.4653416275978088,0.20165226281468487,dpEX
1.0,0.2683590054512024,-0.4585867524147033,-0.6818033404363898,mpIN
1.0,0.661047101020813,-0.5241836905479431,0.69860599887448,WSN
1.0,0.5982040166854858,-0.5031812191009521,-0.11993046713057275,reaEGC
1.0,0.6880183219909668,-0.5362949967384338,0.9584341429283157,WSN
1.0,0.0833191201090812,-0.4184411466121673,0.9865460576487137,VLMC
1.0,0.3001284301280975,-0.4671096801757812,-0.4983789435987841,dpEX
1.0,0.209658607840538,-0.4437022805213928,0.7991380681413257,mpEX
1.0,0.3003343343734741,-0.4731777310371399,-0.9555309006811472,reaEGC
1.0,0.2529890835285187,-0.4716598987579345,-0.9890368661696164,mpEX
1.0,0.3696884512901306,-0.4860118925571441,-0.46012675865106784,wntEGC
1.0,0.6395288109779358,-0.5338515043258667,-0.999938071765425,VLMC
1.0,0.5746548175811768,-0.5215612053871155,0.9842065559539517,reaEGC
1.0,0.1995212435722351,-0.4686914682388305,-0.6498180701701144,sstIN
1.0,0.1308812946081161,-0.4518939852714538,0.31394972683999905,VLMC
1.0,0.6632891297340393,-0.5478405356407166,0.7876803531947543,WSN
1.0,0.6450805068016052,-0.5228580236434937,-0.7136189078198785,VLMC
1.0,0.1000890955328941,-0.4362697601318359,0.7032665089150982,VLMC
1.0,0.6189157366752625,-0.524053156375885,-0.6965052919323418,MCG
1.0,0.6883853673934937,-0.5293012261390686,0.7179841761234268,WSN
1.0,0.3384605646133423,-0.4743896424770355,-0.9835501959838504,wntEGC
1.0,0.6480809450149536,-0.5403483510017395,0.6801196252857278,scgnIN
1.0,0.5930278301239014,-0.5228911638259888,-0.6167585082679783,reaEGC
1.0,0.5918484926223755,-0.5261023640632629,-0.46285510868796453,reaEGC
1.0,0.6608710885047913,-0.5163289904594421,-0.24115001121523646,scgnIN
1.0,0.197983518242836,-0.4888268709182739,0.7228208383203069,sstIN
1.0,0.3703680634498596,-0.4778679609298706,-0.9437290600030162,wntEGC
1.0,0.3390356600284576,-0.4748503267765045,-0.9129746094453364,wntEGC
1.0,0.2886072993278503,-0.4642558693885803,0.9642638369968468,dpEX
1.0,0.6930915713310242,-0.5233629941940308,0.5405201038785652,WSN
1.0,0.1982672065496444,-0.4703974425792694,-0.29215420124828245,mpIN
1.0,0.600310742855072,-0.5327458381652832,-0.0739164836327031,tlNBL
1.0,0.3265056908130646,-0.4761508405208587,-0.9993329889554956,reaEGC
1.0,0.6588559746742249,-0.5274801850318909,0.8362550556175579,scgnIN
1.0,0.2347379326820373,-0.456312358379364,0.850733227286541,mpEX
1.0,0.1328821033239364,-0.4777606725692749,0.7875522820558738,mpEX
1.0,0.2750550508499145,-0.4816621840000152,0.01098820641737365,dpEX
1.0,0.6296452283859253,-0.5242761969566345,-0.7539860138812732,VLMC
1.0,0.5701497793197632,-0.527194082736969,0.9818270198128186,reaEGC
1.0,0.6452187299728394,-0.5497860312461853,-0.8224996440041699,VLMC
1.0,0.5962079763412476,-0.5295564532279968,-0.4466959404147252,reaEGC
1.0,0.6749104261398315,-0.546360969543457,0.8174728771569395,WSN
1.0,0.6767921447753906,-0.532490074634552,0.6383034743319774,scgnIN
1.0,0.6161309480667114,-0.5475713014602661,-0.8341362630689885,MSN
1.0,0.3543357253074646,-0.4856422543525696,-0.9728481223425842,reaEGC
1.0,0.3258982300758362,-0.4896933436393738,-0.9917467009159338,reaEGC
1.0,0.3154779374599457,-0.4827890992164612,-0.9967953119580572,dpEX
1.0,0.2834924459457397,-0.4768432676792145,-0.8350977280325557,dpEX
1.0,0.2343106418848037,-0.482586920261383,-0.4505031763170033,dpEX
1.0,0.658625602722168,-0.5569474101066589,0.8723904319139549,WSN
1.0,0.3005338907241821,-0.4744513034820556,-0.9178236214647965,reaEGC
1.0,0.6196256279945374,-0.5366563200950623,-0.8125589710567119,MCG
1.0,0.188161626458168,-0.4704701006412506,0.9530983388041948,mpIN
1.0,0.6972430944442749,-0.5538153052330017,0.27463908706254975,WSN
1.0,0.2986466586589813,-0.4787611961364746,-0.7114624140888481,sstIN
1.0,0.1739817559719085,-0.4846112430095672,0.8584580164812671,sstIN
1.0,0.1797899007797241,-0.4686314761638641,-0.266046897385196,mpIN
1.0,0.6776259541511536,-0.5555996298789978,0.968983826111582,WSN
1.0,0.582612156867981,-0.5430396795272827,0.6086923497638508,reaEGC
1.0,0.6082785129547119,-0.5515202283859253,-0.8232145086825946,MCG
1.0,0.0855601504445076,-0.4394057393074035,0.9995892899681201,VLMC
1.0,-0.0841195732355117,-0.4577103555202484,-0.9935710109510942,obNBL
1.0,0.2283357828855514,-0.4899779558181762,0.9992924997938852,cckIN
1.0,0.6088119149208069,-0.5431576371192932,-0.9535456075076096,MSN
1.0,0.5735753774642944,-0.5373691916465759,-0.8720034699352361,reaEGC
1.0,0.2424039244651794,-0.4974032640457153,-0.9832547289225869,dpEX
1.0,0.3830663859844208,-0.4695497751235962,-0.31643522206745966,reaEGC
1.0,0.253764271736145,-0.4987612962722778,0.8452518928048944,dpEX
1.0,0.359978437423706,-0.4743428230285644,-0.9108757882326514,reaEGC
1.0,0.6775335669517517,-0.543853223323822,0.7440687432839651,WSN
1.0,0.3112193942070007,-0.5017613768577576,-0.9996597586033451,mpEX
1.0,0.2781666219234466,-0.4874220192432403,0.971111395275094,sstIN
1.0,0.267917662858963,-0.4860446453094482,-0.7217439418258076,dpEX
1.0,0.6670758724212646,-0.5317658185958862,0.6482826417426095,WSN
1.0,0.6417133212089539,-0.5351803302764893,0.8136165393292486,MCG
1.0,-0.0248235575854778,-0.4499615728855133,0.39939999609703036,VLMC
1.0,0.7071283459663391,-0.5644786953926086,-0.8663758559087619,WSN
1.0,0.2145500779151916,-0.4898726344108581,-0.8690977575270873,dpEX
1.0,0.6174030303955078,-0.5511181354522705,-0.7583362802467215,MSN
1.0,0.093160793185234,-0.4747282862663269,-0.9946154737361581,VLMC
1.0,0.7030634880065918,-0.5623760223388672,0.2943790269004963,WSN
1.0,0.6948198676109314,-0.5483941435813904,0.3956037325632352,WSN
1.0,0.1876101344823837,-0.5004657506942749,0.792218869785893,sstIN
1.0,0.705159604549408,-0.5588060021400452,0.22947269755381838,WSN
1.0,0.3943061530590057,-0.4780057668685913,-0.20492032381494757,reaEGC
1.0,0.5908618569374084,-0.5379549264907837,-0.47739263488091477,reaEGC
1.0,0.2802377045154571,-0.4929817020893097,-0.9850554198171636,sstIN
1.0,0.6826460361480713,-0.5815680027008057,0.1366125117512587,WSN
1.0,0.3540699481964111,-0.4949148595333099,-0.9194369381912908,reaEGC
1.0,0.3298432826995849,-0.4947409033775329,-0.9892219811638835,reaEGC
1.0,0.084061361849308,-0.4733253121376037,-0.9608434034512022,VLMC
1.0,0.6459499597549438,-0.5580988526344299,0.7211866670057202,WSN
1.0,0.5917028188705444,-0.5662571787834167,-0.9977762458582381,reaEGC
1.0,0.5671199560165405,-0.540888786315918,-0.5431634454618446,reaEGC
1.0,0.2891334891319275,-0.4972859025001526,-0.9320252906436127,dpEX
1.0,0.6202365756034851,-0.5667627453804016,-0.9480479990818238,scgnIN
1.0,0.5473311543464661,-0.5486000180244446,0.9854306320111974,reaEGC
1.0,0.6114950180053711,-0.5679371953010559,0.9923167688113393,MCG
1.0,0.3775190711021423,-0.4873057603836059,-0.3576019092849092,reaEGC
1.0,0.2562722265720367,-0.5201267004013062,0.8785483661659163,mpEX
1.0,0.5864766240119934,-0.5559011101722717,-0.9187607917018145,tlNBL
1.0,0.2637124955654144,-0.5103065371513367,-0.6159500062662485,sstIN
1.0,0.1918403357267379,-0.4863033294677734,-0.9460219723008295,mpEX
1.0,0.3077055811882019,-0.5029464960098267,-0.9925277516802266,dpEX
1.0,0.2748322486877441,-0.4990467429161072,0.3240023440536005,sstIN
1.0,0.6057111024856567,-0.5633246302604675,-0.9743686118399472,tlNBL
1.0,0.6746377348899841,-0.5591564774513245,0.8063777936857389,WSN
1.0,0.2281952798366546,-0.5018736124038696,-0.4643401930794122,dpEX
1.0,0.1464670300483703,-0.4760496020317077,-0.9328744195210599,mpEX
1.0,0.2197496443986892,-0.4993923306465149,-0.9693495929291854,cckIN
1.0,0.1943801343441009,-0.4981866180896759,-0.8446824907098267,cckIN
1.0,0.5643996000289917,-0.5398486256599426,-0.5260674520078054,reaEGC
1.0,0.3397786617279053,-0.5157347321510315,-0.9948871618511471,wntEGC
1.0,0.3336921334266662,-0.5016829967498779,-0.9180467443103962,reaEGC
1.0,0.250663012266159,-0.4882967174053192,-0.2366416293892988,sstIN
1.0,0.5842651128768921,-0.5635229349136353,-0.8579255189674991,reaEGC
1.0,-0.0349251665174961,-0.4825413823127746,0.8521910919285127,VLMC
1.0,0.6580114364624023,-0.5887839794158936,0.4807663413045179,WSN
1.0,0.5775902271270752,-0.5449966788291931,-0.41939796506787574,reaEGC
1.0,0.312572717666626,-0.5241422653198242,-0.9844952592587223,dpEX
1.0,0.6040509939193726,-0.5583494305610657,-0.8849849105830365,tlNBL
1.0,-0.0161059387028217,-0.4812331199645996,0.6455293941371464,cckIN
1.0,0.7017860412597656,-0.5635107755661011,0.6827527933421746,WSN
1.0,0.6728680729866028,-0.5541628003120422,0.9131676717492987,WSN
1.0,0.2400106489658355,-0.5075241923332214,-0.633283723611742,dpEX
1.0,0.6122533082962036,-0.5528647899627686,0.993447101938195,MSN
1.0,0.3671160042285919,-0.4937071800231933,0.8224896572643945,reaEGC
1.0,0.6190776824951172,-0.571105420589447,-0.9404176847101429,WSN
1.0,0.6507880091667175,-0.5843287110328674,0.953651817242293,WSN
1.0,0.3115675151348114,-0.525687038898468,-0.9894753718392997,dpEX
1.0,0.6997623443603516,-0.5892817378044128,0.6623463045535631,WSN
1.0,0.6419214606285095,-0.5725024342536926,0.3580602663609587,WSN
1.0,0.3901470303535461,-0.5175507068634033,0.8195086676729916,reaEGC
1.0,0.6081140637397766,-0.5743322968482971,0.8840815315486067,MSN
1.0,0.2711648344993591,-0.5117245316505432,-0.9958761595104366,dpEX
1.0,0.2889853119850158,-0.5253382921218872,-0.9981444014910813,dpEX
1.0,0.2585703134536743,-0.5228282809257507,0.5209780832732285,mpIN
1.0,0.6227778792381287,-0.5721169114112854,0.9807526303772439,WSN
1.0,0.6151388883590698,-0.5823265314102173,0.7283453957466198,MSN
1.0,0.5727423429489136,-0.5626223683357239,-0.5555199684768118,reaEGC
1.0,0.3706869781017303,-0.4938674867153168,-0.6834998440157736,reaEGC
1.0,0.2425902336835861,-0.5195750594139099,0.5479497543874859,dpEX
1.0,0.2082488685846328,-0.5112246870994568,-0.9908233785127044,mpEX
1.0,0.2567652463912964,-0.5033496618270874,0.32576835873833604,mpEX
1.0,0.4031191766262054,-0.4980741143226623,0.788119613315766,reaEGC
1.0,0.5834668278694153,-0.5686479806900024,-0.8304987358533553,reaEGC
1.0,0.5740927457809448,-0.5723336935043335,-0.34927603486261616,reaEGC
1.0,0.218230202794075,-0.502924382686615,0.8012689220667792,mpEX
1.0,0.1983325630426406,-0.5153537392616272,-0.7987609958967447,dpEX
1.0,0.387507826089859,-0.525759220123291,0.6344679279651947,reaEGC
1.0,0.69244384765625,-0.5850791335105896,0.9356008537876929,obNBL
1.0,0.3224918842315674,-0.5195574760437012,-0.999444994206621,reaEGC
1.0,0.2939106523990631,-0.5107291340827942,-0.9969972471331753,dpEX
1.0,0.6314334869384766,-0.5737918019294739,0.9133622575898224,tlNBL
1.0,0.6719198822975159,-0.5818586349487305,0.29877828363192593,WSN
1.0,0.5871541500091553,-0.5636453628540039,-0.994723862608285,MSN
1.0,0.6089380383491516,-0.5723684430122375,-0.5734464091216813,MSN
1.0,0.7055748105049133,-0.5841900706291199,0.959203106865088,WSN
1.0,0.7041447162628174,-0.5905851125717163,0.9893482602072715,WSN
1.0,0.2953539490699768,-0.527012050151825,-0.976544314497939,mpEX
1.0,0.6779632568359375,-0.5855728983879089,0.9157798928735907,WSN
1.0,0.3385520279407501,-0.5383279919624329,-0.4709252796190778,wntEGC
1.0,0.2761508226394653,-0.5249354839324951,-0.851832766651964,dpEX
1.0,0.6908681988716125,-0.5839900970458984,0.8109623307961554,WSN
1.0,0.3653660416603088,-0.5122084021568298,0.10037889654204465,reaEGC
1.0,0.261856198310852,-0.5095852613449097,-0.9989950835762151,mpIN
1.0,0.2477501034736633,-0.5046030879020691,0.9315412224334431,sstIN
1.0,0.5887658596038818,-0.5825839042663574,-0.9578317401687019,MSN
1.0,0.651191771030426,-0.5842027068138123,0.9995568778727006,WSN
1.0,0.3012970089912414,-0.5318812727928162,-0.9211248899346426,dpEX
1.0,0.5702579021453857,-0.5724073052406311,0.3631471378598589,reaEGC
1.0,0.5540899038314819,-0.5710365772247314,-0.07348217167889119,reaEGC
1.0,0.2038506716489792,-0.527137041091919,-0.9056640047888472,dpEX
1.0,0.3845372498035431,-0.5205185413360596,0.8093302519894413,ribEGC
1.0,0.642096221446991,-0.5923238396644592,-0.6009476552894171,MSN
1.0,0.3430358171463012,-0.53005450963974,-0.9989323655068463,reaEGC
1.0,0.2403901368379593,-0.512553334236145,-0.842636191987883,mpIN
1.0,0.287251204252243,-0.5198765993118286,-0.9946818061965498,dpEX
1.0,0.6432448625564575,-0.6007794141769409,0.9995832660889291,MSN
1.0,0.6949700713157654,-0.5902770161628723,0.6543600666703389,WSN
1.0,0.6481677293777466,-0.5902544856071472,0.8340270273240841,MSN
1.0,0.6251903772354126,-0.6021338701248169,-0.8094228430708627,MSN
1.0,0.2830184400081634,-0.5178600549697876,-0.9997953673978638,dpEX
1.0,0.1855159699916839,-0.5326889157295227,0.9496862815821816,mpEX
1.0,0.5857587456703186,-0.5794791579246521,0.8157471660069519,MSN
1.0,0.230766549706459,-0.5282103419303894,-0.505433120845978,mpEX
1.0,0.5926370024681091,-0.588327944278717,-0.9754889075681178,MSN
1.0,0.3488988280296325,-0.5208868980407715,-0.8833456632791629,reaEGC
1.0,0.673808217048645,-0.6161360740661621,-0.6161811482213471,cckIN
1.0,0.2898071408271789,-0.5395887494087219,-0.9496250014126051,reaEGC
1.0,0.6564417481422424,-0.6083685159683228,0.9999828067632217,WSN
1.0,0.3659932911396026,-0.5428276658058167,0.7257215667390485,ribEGC
1.0,0.7066108584403992,-0.6208770275115967,0.9183102041348782,WSN
1.0,0.6507893800735474,-0.587760865688324,0.9966820322792588,cckIN
1.0,0.3170213103294372,-0.521443247795105,-0.9951690928348559,reaEGC
1.0,0.6042191386222839,-0.595302402973175,-0.9091245905228016,MSN
1.0,0.6807456016540527,-0.6079607009887695,0.8878905787965902,WSN
1.0,0.651908814907074,-0.6161358952522278,0.3223994922847549,MCG
1.0,0.7052949666976929,-0.6137831807136536,0.9956602342507515,WSN
1.0,0.3332192003726959,-0.5469854474067688,-0.6237198453768422,reaEGC
1.0,0.2867463231086731,-0.551200807094574,-0.9021313707733004,dpEX
1.0,0.5445367693901062,-0.586338460445404,0.5655440824473201,reaEGC
1.0,0.6480809450149536,-0.623701274394989,0.9367965926585109,scgnIN
1.0,-0.0922131389379501,-0.5115377306938171,0.8813497860792125,cckIN
1.0,-0.0749716907739639,-0.5065550208091736,-0.9781039982512102,VLMC
1.0,0.3730123043060303,-0.5287400484085083,0.9496027983890557,reaEGC
1.0,0.3804673254489898,-0.5397664308547974,0.7622522887641778,reaEGC
1.0,0.2558529078960418,-0.5588223338127136,-0.34144670847067465,dpEX
1.0,0.6152244806289673,-0.6140134334564209,-0.4118494291598485,MSN
1.0,0.5842004418373108,-0.5994279980659485,0.7157451698711375,tlNBL
1.0,0.6907581686973572,-0.6148869395256042,0.9871533370162239,WSN
1.0,0.5546888113021851,-0.5879130363464355,-0.9283409709534113,reaEGC
1.0,0.5546483993530273,-0.585684597492218,-0.1907718477191253,reaEGC
1.0,0.660425066947937,-0.6242992281913757,0.7466063648770579,WSN
1.0,0.2531678378582001,-0.5412829518318176,0.9263786099037112,mpIN
1.0,0.6481902003288269,-0.6313576102256775,0.7421486809626067,WSN
1.0,0.6209802031517029,-0.6053303480148315,-0.8823384176922876,MSN
1.0,0.2756074368953705,-0.5516600012779236,-0.982542635217763,dpEX
1.0,0.2160459905862808,-0.5287076830863953,-0.9868456588175398,MCG
1.0,0.3887290060520172,-0.5298312306404114,0.7550349283306684,reaEGC
1.0,0.637711763381958,-0.5920965075492859,0.888236169205873,cckIN
1.0,0.3368096947669983,-0.5585261583328247,-0.784937696778779,reaEGC
1.0,0.2928016483783722,-0.547289252281189,-0.9046069016775979,dpEX
1.0,0.2176813334226608,-0.5459482073783875,0.0788248885701314,MCG
1.0,-0.0651818066835403,-0.5016015768051147,0.987994746514235,VLMC
1.0,0.254132866859436,-0.5477591156959534,-0.990092979936463,dpEX
1.0,0.23177070915699,-0.5581774115562439,-0.8650781429088179,dpEX
1.0,0.1982318460941314,-0.5489072203636169,-0.4850707371779971,WSN
1.0,0.6805689334869385,-0.6117331385612488,0.9488730932298594,WSN
1.0,0.5920656323432922,-0.6009660363197327,-0.9856684550502436,MSN
1.0,0.2861624956130981,-0.5573038458824158,-0.8867084073753143,dpEX
1.0,0.6962291598320007,-0.6310240626335144,-0.747727395656949,WSN
1.0,0.5692304372787476,-0.5944237112998962,-0.9998885048254159,reaEGC
1.0,0.5849006175994873,-0.6019768714904785,-0.99316896666047,MSN
1.0,0.6736952066421509,-0.6206693053245544,0.6329678558301363,WSN
1.0,0.3394061923027038,-0.5637821555137634,-0.5514826697035595,reaEGC
1.0,0.661711573600769,-0.5979530215263367,0.9961874390443548,WSN
1.0,0.1852991282939911,-0.551715612411499,0.9999128335829307,mpEX
1.0,0.1935422718524933,-0.5546280741691589,0.9436864726797125,MCG
1.0,0.690658450126648,-0.622545063495636,0.9671295480887673,WSN
1.0,0.5489897727966309,-0.5941620469093323,0.0835474542651547,reaEGC
1.0,0.0972868353128433,-0.5343140363693237,0.9856720668150852,VLMC
1.0,0.594390869140625,-0.6135359406471252,-0.6656683850935655,VLMC
1.0,0.6847889423370361,-0.5991478562355042,0.9992660894205981,obNBL
1.0,0.39081010222435,-0.5418956875801086,0.9890023607285713,reaEGC
1.0,0.1477780193090438,-0.5479198098182678,0.5822961987973018,MCG
1.0,0.6342085599899292,-0.6464701294898987,0.2653127475536373,MCG
1.0,0.5862559080123901,-0.6115018129348755,-0.9982844465579083,VLMC
1.0,0.3773711919784546,-0.5552952885627747,0.6964203221088213,reaEGC
1.0,0.3361039161682129,-0.5640518069267273,-0.5966076799839999,reaEGC
1.0,0.6367027759552002,-0.5975346565246582,0.9098214816256064,VLMC
1.0,0.3852133750915527,-0.5552423596382141,0.6398682937990345,reaEGC
1.0,0.5776302814483643,-0.5948231220245361,-0.999930416387175,MSN
1.0,-0.0600912757217884,-0.5257701277732849,0.9747287945614387,VLMC
1.0,0.557062029838562,-0.6098427176475525,-0.010808238724558952,reaEGC
1.0,0.6515017151832581,-0.6391924619674683,0.99984322131375,WSN
1.0,0.5775338411331177,-0.6025993227958679,-0.8271935820674523,reaEGC
1.0,0.2684734463691711,-0.5656513571739197,0.5664522739069447,dpEX
1.0,0.0878161638975143,-0.5551506280899048,-0.8275361354302182,MCG
1.0,-0.0760426372289657,-0.5304462313652039,0.7194810788901298,VLMC
1.0,0.6935099363327026,-0.623036801815033,0.6479939323686812,WSN
1.0,0.3164980411529541,-0.5642068982124329,-0.6243128930402866,reaEGC
1.0,0.6730414628982544,-0.6360373497009277,-0.4959468835223729,WSN
1.0,0.2574141323566437,-0.5575301051139832,0.31148236167319177,dpEX
1.0,0.585442304611206,-0.6074153780937195,-0.9544478129006028,reaEGC
1.0,0.2224937230348587,-0.5604111552238464,0.24613930495861422,mpEX
1.0,0.3026805520057678,-0.5805992484092712,-0.8909310791271818,reaEGC
1.0,0.6412317156791687,-0.6241722702980042,-0.5885171000700943,VLMC
1.0,0.226849228143692,-0.5635719895362854,-0.9553861119784105,WSN
1.0,0.3261002898216247,-0.5708242058753967,-0.6206263939478752,reaEGC
1.0,0.6554032564163208,-0.6309882998466492,-0.6121688313089101,WSN
1.0,0.629745602607727,-0.6380022168159485,0.9747585353218936,WSN
1.0,0.6025168299674988,-0.6458573937416077,-0.8755122496506178,VLMC
1.0,0.2418526262044906,-0.5689906477928162,-0.7263959938650999,sstIN
1.0,0.5417587757110596,-0.6258437037467957,0.5758351037121773,reaEGC
1.0,0.4069437384605407,-0.5559523105621338,0.6916389922367283,reaEGC
1.0,0.706825852394104,-0.6460126042366028,0.8322377135396319,WSN
1.0,0.1951895505189895,-0.562360942363739,-0.7463788098171726,mpEX
1.0,0.5918823480606079,-0.6243132948875427,-0.44522934503449824,VLMC
1.0,0.55179762840271,-0.6094193458557129,0.31071378982723985,reaEGC
1.0,0.387951135635376,-0.5617480874061584,0.7353290643810015,reaEGC
1.0,0.1409007161855697,-0.5567691922187805,0.5741648464199379,cckIN
1.0,0.2883637845516205,-0.5777842402458191,-0.8198201031344112,dpEX
1.0,0.1024590581655502,-0.5343769192695618,-0.09539870101133087,VLMC
1.0,0.362000048160553,-0.5679720044136047,-0.5917069784551243,reaEGC
1.0,0.67534339427948,-0.6244906187057495,0.9694987967366785,WSN
1.0,0.5981079339981079,-0.6308125853538513,-0.9310639888096386,MSN
1.0,0.2989514172077179,-0.5736833214759827,-0.7604924197568523,reaEGC
1.0,0.2897503077983856,-0.574021577835083,-0.7595645302601415,dpEX
1.0,0.6348876953125,-0.6205703020095825,-0.2745445396709339,VLMC
1.0,0.403100311756134,-0.5672327876091003,0.9946115280630624,reaEGC
1.0,0.5704471468925476,-0.6422531008720398,0.9297101302204442,MSN
1.0,0.6616202592849731,-0.6432688236236572,0.9899609961672252,WSN
1.0,0.5624828338623047,-0.6214213967323303,-0.28621069005895294,reaEGC
1.0,0.6441107988357544,-0.6411857604980469,0.7301046197568397,MSN
1.0,0.2085620164871215,-0.590627133846283,-0.9913128624135948,mpEX
1.0,0.5545651912689209,-0.6207402348518372,0.49506207668776,reaEGC
1.0,0.6626347303390503,-0.6367067694664001,-0.041491865839566704,WSN
1.0,0.5973665714263916,-0.6438145041465759,-0.7454507123943642,VLMC
1.0,0.6485012769699097,-0.640043318271637,0.8675730197774781,WSN
1.0,0.4148285090923309,-0.5585498213768005,0.7104117917496201,reaEGC
1.0,0.4257166981697082,-0.5703299045562744,-0.9262314260875953,reaEGC
1.0,0.6044740676879883,-0.6387543082237244,-0.8616151892419064,VLMC
1.0,0.355988085269928,-0.5832805037498474,-0.8432699627592584,reaEGC
1.0,0.2460916489362716,-0.5908704996109009,0.3797493546554779,sstIN
1.0,0.6131041049957275,-0.6444099545478821,-0.5776156422150938,VLMC
1.0,0.332294762134552,-0.5835356116294861,-0.41473740792418823,dpEX
1.0,0.5297609567642212,-0.6450894474983215,0.8068733658931077,reaEGC
1.0,0.2229701727628708,-0.6018134355545044,0.6611337804744803,cckIN
1.0,0.0959928184747695,-0.5494685769081116,0.08649794333885154,VLMC
1.0,0.262321263551712,-0.5863302946090698,0.9031422227629332,sstIN
1.0,0.5778106451034546,-0.6340441703796387,0.07164785252282894,VLMC
1.0,0.5681525468826294,-0.6247252225875854,-0.2782275405194283,reaEGC
1.0,0.6681082248687744,-0.6575502753257751,-0.9513568677722458,mpEX
1.0,0.3103173077106476,-0.5745466351509094,-0.6300346168006322,dpEX
1.0,0.6345394849777222,-0.6372874975204468,0.9688607201356981,WSN
1.0,0.3996545970439911,-0.595000684261322,0.9899235405596204,reaEGC
1.0,0.359366774559021,-0.5971182584762573,-0.7552526014888797,reaEGC
1.0,0.5952194929122925,-0.6601948142051697,-0.7049567456532696,MSN
1.0,0.1989714056253433,-0.5833025574684143,-0.7506886962319506,VLMC
1.0,0.6316523551940918,-0.6406347155570984,0.994260529120588,WSN
1.0,0.5560513734817505,-0.6597262024879456,-0.4674212301448971,reaEGC
1.0,0.6900908350944519,-0.6911577582359314,-0.7119803972858998,mpEX
1.0,0.2913402020931244,-0.6023876667022705,-0.2516282715062924,dpEX
1.0,0.6681729555130005,-0.6549378037452698,0.4873557572937817,WSN
1.0,0.2532019913196563,-0.6024438738822937,0.7589675331492208,mpEX
1.0,0.0837720036506652,-0.5487527251243591,-0.7370164393713895,VLMC
1.0,0.4188420176506042,-0.5743371248245239,0.7345940040736114,reaEGC
1.0,0.2760465443134308,-0.5982421040534973,-0.43181019741717924,dpEX
1.0,0.3426689207553863,-0.6045805811882019,-0.999721807548619,dpEX
1.0,0.6666845679283142,-0.6604142189025879,-0.8604799347746955,WSN
1.0,0.5461823344230652,-0.6442355513572693,0.8660934757429136,reaEGC
1.0,0.238546535372734,-0.5912867188453674,0.8538778979699738,sstIN
1.0,0.2413294166326522,-0.5893604159355164,0.05908721393666169,sstIN
1.0,0.6843997240066528,-0.6698347926139832,0.8212499713049857,WSN
1.0,0.6085244417190552,-0.6455422043800354,-0.6922647152122183,reaEGC
1.0,0.6068551540374756,-0.6461069583892822,0.5071965296282972,WSN
1.0,0.3579449951648712,-0.5955719351768494,0.903629188068766,reaEGC
1.0,0.3090876936912536,-0.6014276146888733,-0.6057522876753508,dpEX
1.0,0.6288286447525024,-0.6548041105270386,0.010913659580789504,WSN
1.0,0.0806613117456436,-0.5711066722869873,-0.3592257478850791,VLMC
1.0,0.6124929189682007,-0.6611528992652893,-0.905837481762118,WSN
1.0,0.3339794278144836,-0.6038734316825867,-0.8052546237384878,reaEGC
1.0,-0.0938732773065567,-0.5838110446929932,0.6835806699217051,cckIN
1.0,0.5838208794593811,-0.6441951990127563,-0.9710429469581697,reaEGC
1.0,0.5766066312789917,-0.6410278081893921,-0.6313856902207887,reaEGC
1.0,0.5566758513450623,-0.6426849961280823,-0.05789314623905551,reaEGC
1.0,0.4275413751602173,-0.599067747592926,-0.6179515019905141,reaEGC
1.0,0.3939732611179352,-0.5962622761726379,0.7169379286785965,reaEGC
1.0,0.2689284086227417,-0.6157495379447937,-0.9227956740776889,mpEX
1.0,0.2908025085926056,-0.6000792384147644,-0.7877673442666272,dpEX
1.0,0.4194509983062744,-0.5870653986930847,0.7504626702753767,reaEGC
1.0,0.6545466184616089,-0.6717142462730408,-0.8647003925931276,WSN
1.0,0.6903059482574463,-0.6701882481575012,-0.5391155195669364,WSN
1.0,0.5909252762794495,-0.6635236740112305,-0.8787347129612136,WSN
1.0,0.590529203414917,-0.6494762301445007,-0.9962292331825995,reaEGC
1.0,0.6670801043510437,-0.671475350856781,-0.9990174182072105,WSN
1.0,0.6212332844734192,-0.6656465530395508,-0.7018253890127025,WSN
1.0,0.3454737663269043,-0.6079031825065613,-0.9800108493216098,reaEGC
1.0,0.2285421192646026,-0.5907925963401794,-0.6019202890582339,mpEX
1.0,0.6127099394798279,-0.6641027927398682,-0.7421549892868968,WSN
1.0,0.6532118320465088,-0.6720079779624939,-0.7866156186694692,WSN
1.0,0.5526927709579468,-0.6486062407493591,0.7571688240840401,reaEGC
1.0,0.7066642642021179,-0.6953107714653015,0.3246710317219578,MCG
1.0,0.4154413938522339,-0.6055693030357361,0.9781347828824069,reaEGC
1.0,0.316855251789093,-0.6076224446296692,0.9930494008742482,dpEX
1.0,0.586287796497345,-0.6728847026824951,-0.9966713872128293,reaEGC
1.0,0.567551851272583,-0.6547821164131165,0.05375538092877932,reaEGC
1.0,0.5883634090423584,-0.6655308604240417,-0.9849537357177462,WSN
1.0,0.4250188171863556,-0.6059338450431824,0.9371956634545586,reaEGC
1.0,0.2509162724018097,-0.5968899726867676,-0.4785258456535343,sstIN
1.0,0.2596640884876251,-0.61076819896698,0.3057971796274095,dpEX
1.0,0.4378557801246643,-0.6173392534255981,-0.16407721309028114,reaEGC
1.0,0.2204676419496536,-0.6159268021583557,-0.9013396022286807,nptxEX
1.0,0.6841275095939636,-0.6968056559562683,-0.9811248471250792,WSN
1.0,0.319120705127716,-0.6248669028282166,-0.902962303854683,dpEX
1.0,0.4059672057628631,-0.6076354384422302,0.9673265659753031,reaEGC
1.0,0.2961875200271606,-0.6286514401435852,0.17711135333035677,dpEX
1.0,0.4475318789482116,-0.607409656047821,-0.9771377685579701,reaEGC
1.0,0.0777196288108825,-0.5951600670814514,-0.5840979346769714,VLMC
1.0,0.6369850039482117,-0.6822742819786072,-0.36009225337715906,MCG
1.0,0.548170268535614,-0.6738649606704712,0.6463628696267937,reaEGC
1.0,0.6596813201904297,-0.6850167512893677,-0.6760871488391064,WSN
1.0,0.5522677302360535,-0.6734362244606018,0.5579085479073161,reaEGC
1.0,0.5832536816596985,-0.6979920268058777,-0.9831339968371707,WSN
1.0,0.2970817685127258,-0.6149844527244568,-0.6701363043102827,MCG
1.0,0.3756335377693176,-0.6302837133407593,-0.6677263394058698,reaEGC
1.0,0.3178098499774933,-0.6230605244636536,-0.961558727556691,dpEX
1.0,0.293019950389862,-0.6155532002449036,-0.4437713116363058,dpEX
1.0,0.4237423241138458,-0.6130165457725525,0.9761678794508531,reaEGC
1.0,0.6179506778717041,-0.6809660196304321,-0.9209857743483647,WSN
1.0,0.5912461280822754,-0.7017294764518738,-0.5448976158391253,WSN
1.0,0.5893059968948364,-0.6724762320518494,-0.8690585383149128,WSN
1.0,0.4390593767166137,-0.6097860932350159,-0.7603678412336489,reaEGC
1.0,0.3337182402610779,-0.6289698481559753,-0.49369237592909365,dpEX
1.0,0.6055276393890381,-0.691095769405365,-0.768990333548648,WSN
1.0,0.4079110622406006,-0.6300285458564758,0.8653157076108304,reaEGC
1.0,0.6518902778625488,-0.6901534199714661,-0.46301515644706154,WSN
1.0,0.6341156959533691,-0.7035896182060242,0.2622039347087729,MCG
1.0,0.2062290608882904,-0.6261587738990784,0.14224996218405678,mpEX
1.0,0.300728976726532,-0.6246196627616882,0.9470129591519486,dpEX
1.0,0.3888347744941711,-0.6204542517662048,0.9422963088732302,reaEGC
1.0,0.1607197821140289,-0.6217853426933289,0.4020865019295581,mpEX
1.0,0.1819730550050735,-0.6148200035095215,-0.14835484915456415,cckIN
1.0,0.6911535263061523,-0.7190678715705872,-0.991530880823276,nptxEX
1.0,0.5458260774612427,-0.6704474091529846,0.48737308007495594,reaEGC
1.0,0.4355931878089905,-0.6255178451538086,-0.055831557078852095,reaEGC
1.0,0.1947672069072723,-0.6305484175682068,-0.8789263268163044,MCG
1.0,0.5576758980751038,-0.6800573468208313,0.12543805633026378,reaEGC
1.0,0.6039223670959473,-0.7016934752464294,0.007085200352171044,MCG
1.0,0.5611423254013062,-0.7084824442863464,0.02942128303460058,reaEGC
1.0,0.3490606546401977,-0.6308918595314026,-0.5938109067197912,dpEX
1.0,0.6063755750656128,-0.7061832547187805,-0.7976796890757841,cckIN
1.0,0.4253688454627991,-0.6282815933227539,0.7811062886550392,reaEGC
1.0,0.5472788214683533,-0.6805076003074646,0.19031106139542572,reaEGC
1.0,0.5487335920333862,-0.673183798789978,0.44107988080853244,reaEGC
1.0,0.4425889849662781,-0.6183602213859558,-0.9275307937310174,reaEGC
1.0,0.2805154323577881,-0.6353455781936646,-0.7614191637641189,MCG
1.0,0.2590541243553161,-0.6413989663124084,-0.33208741499036737,cckIN
1.0,0.652614951133728,-0.7110770344734192,-0.29314296580101606,MCG
1.0,0.4042098522186279,-0.6561562418937683,0.7615066200415305,reaEGC
1.0,0.1924764215946197,-0.6424921154975891,-0.84871212591239,mpEX
1.0,0.6892209053039551,-0.722816526889801,-0.8253089710221966,MCG
1.0,0.6310129761695862,-0.7004184126853943,0.11495944215384017,WSN
1.0,0.2661828696727752,-0.6400796175003052,-0.8957234054486054,mpEX
1.0,0.6098275184631348,-0.7145982384681702,-0.4607664501809729,MSN
1.0,0.434017539024353,-0.6151655316352844,0.2668050348293751,reaEGC
1.0,0.3909543752670288,-0.6465376615524292,0.42329394606341286,reaEGC
1.0,0.3141891360282898,-0.6431311368942261,0.9590396589221079,dpEX
1.0,0.2204915434122085,-0.6324449181556702,-0.9984001562044413,MCG
1.0,0.5465206503868103,-0.6960219740867615,0.6320111854464145,reaEGC
1.0,0.1680562794208526,-0.6363205313682556,0.2472405902061641,mpEX
1.0,0.5235037207603455,-0.6928687691688538,0.99590381879704,reaEGC
1.0,0.3033786416053772,-0.6441252827644348,-0.9072057221012076,dpEX
1.0,0.2971447110176086,-0.6483761668205261,0.8986620865846162,dpEX
1.0,0.4118670523166656,-0.6430923342704773,0.3263540478903841,reaEGC
1.0,0.5886144638061523,-0.7244793772697449,0.05684948355520031,MCG
1.0,0.3682150840759277,-0.6316426396369934,0.003286206255869069,reaEGC
1.0,0.6222401261329651,-0.7047778964042664,-0.10620475274970535,WSN
1.0,0.5584848523139954,-0.7059189677238464,0.17144495972060977,reaEGC
1.0,0.3087453842163086,-0.63350510597229,0.3698004756914656,dpEX
1.0,0.2103180736303329,-0.644304096698761,-0.9056093212887033,cckIN
1.0,0.4172049760818481,-0.6365683674812317,0.9922180043694668,reaEGC
1.0,0.4401328861713409,-0.6399790644645691,-0.29136499066353494,reaEGC
1.0,0.2877044081687927,-0.6507748961448669,0.9957906130794364,mpEX
1.0,0.6575376987457275,-0.718643069267273,-0.21618409765528357,MCG
1.0,0.3362846374511719,-0.6539711356163025,-0.24752874639685526,dpEX
1.0,0.4154587388038635,-0.6374197602272034,0.9658084283264524,reaEGC
1.0,0.6693795919418335,-0.7322710156440735,-0.05746511974575234,MCG
1.0,0.5956684947013855,-0.7255803942680359,-0.4843182353971011,WSN
1.0,0.5439208745956421,-0.6854549050331116,0.4910245817280125,reaEGC
1.0,0.616523802280426,-0.7070416808128357,-0.3960835675835434,WSN
1.0,0.266764760017395,-0.6549261212348938,-0.9558660667084181,MCG
1.0,0.5597348213195801,-0.687425434589386,0.5159317111092392,reaEGC
1.0,0.6398473381996155,-0.7403077483177185,-0.18246821061673238,WSN
1.0,0.3735831677913666,-0.6649914979934692,-0.9217697702746016,reaEGC
1.0,0.3166881203651428,-0.6477193236351013,0.4727504288233897,dpEX
1.0,0.5347391963005066,-0.7060034871101379,0.5906409373952065,reaEGC
1.0,0.2275958806276321,-0.6713918447494507,-0.560537364656354,MCG
1.0,0.3722949922084808,-0.6523804664611816,-0.5949540211793085,reaEGC
1.0,0.5727167725563049,-0.725376546382904,-0.9835730806526386,cckIN
1.0,0.2888817489147186,-0.6738832592964172,-0.47315473508938366,mpEX
1.0,0.2625629901885986,-0.6478464603424072,-0.9788583244253627,mpEX
1.0,0.4348149299621582,-0.6319040656089783,0.321663576272349,reaEGC
1.0,0.6412503719329834,-0.7278851866722107,0.7848115451713086,MCG
1.0,0.6929597854614258,-0.7473127245903015,-0.21618836856760842,MCG
1.0,0.3103748857975006,-0.6326871514320374,-0.8083147424176412,dpEX
1.0,0.6774170994758606,-0.7363607883453369,-0.08305686650796414,MCG
1.0,0.5911555290222168,-0.7125796675682068,0.26692897518901637,WSN
1.0,0.4286470413208008,-0.6485153436660767,-0.8547779538250913,reaEGC
1.0,0.2130856961011886,-0.6550018787384033,-0.6258054463221958,cckIN
1.0,0.7044405341148376,-0.7612504363059998,-0.9477057446462969,MCG
1.0,0.6102737784385681,-0.7358242869377136,-0.9390758791959465,MCG
1.0,0.5832382440567017,-0.7138282656669617,0.036964657290866794,MSN
1.0,0.5638245940208435,-0.7099980711936951,-0.02654307330563231,reaEGC
1.0,0.3196539878845215,-0.6586109399795532,0.9009939021133002,mpEX
1.0,0.4101417660713196,-0.638806164264679,0.9734354370981947,reaEGC
1.0,0.607284426689148,-0.7234964370727539,-0.04896238810405002,WSN
1.0,0.5451837182044983,-0.7180611491203308,-0.24058195361036425,reaEGC
1.0,0.3096355199813843,-0.6662217974662781,0.9748715040637275,dpEX
1.0,0.3222846090793609,-0.6651200652122498,0.6149649166012056,sstIN
1.0,0.2854193449020386,-0.6616984605789185,0.7972064142742927,mpEX
1.0,0.4491873383522033,-0.6558956503868103,-0.11580355664772474,reaEGC
1.0,0.6390042901039124,-0.7346031665802002,0.37563803139622554,MCG
1.0,0.6850539445877075,-0.7407349944114685,-0.7738818779517683,MCG
1.0,0.3598604202270508,-0.6673943996429443,-0.42625413049039296,reaEGC
1.0,0.6069190502166748,-0.73175448179245,0.9253382464141623,WSN
1.0,0.3096961081027984,-0.657815158367157,0.2990911665523045,dpEX
1.0,0.6160542964935303,-0.7113557457923889,-0.9204429199995098,WSN
1.0,0.2990417182445526,-0.661659300327301,-0.38326444404873555,MCG
1.0,0.4375913143157959,-0.6660288572311401,-0.36663149681952223,reaEGC
1.0,0.5402134656906128,-0.7014091610908508,0.7633444759407746,reaEGC
1.0,0.5667619705200195,-0.7245790958404541,0.06090603994131314,WSN
1.0,0.6757650971412659,-0.7459827065467834,0.9738333320528816,WSN
1.0,0.4434625506401062,-0.6520847678184509,0.19970612898400478,reaEGC
1.0,0.3934457004070282,-0.6612116694450378,-0.5119514164890893,MCG
1.0,0.3953920602798462,-0.6715618968009949,-0.9170729954426506,reaEGC
1.0,0.5525751709938049,-0.7105135321617126,0.11459019147896345,reaEGC
1.0,0.6999660730361938,-0.736283004283905,-0.5562959517224089,VLMC
1.0,0.6458122730255127,-0.742860734462738,0.42322696809602023,WSN
1.0,0.5943570137023926,-0.7154741883277893,-0.8938774404989556,WSN
1.0,0.2496952265501022,-0.6533735990524292,-0.1786210917078758,MCG
1.0,0.1776922047138214,-0.6711100339889526,0.06628560572196712,cckIN
1.0,0.3649047911167145,-0.6635055541992188,-0.9002058155061946,reaEGC
1.0,0.3156588971614837,-0.6568570137023926,0.9897577415319367,dpEX
1.0,0.5838276147842407,-0.7307037115097046,0.6232860823097158,WSN
1.0,0.1791295707225799,-0.666006863117218,-0.6860000791300537,mpEX
1.0,0.5861852169036865,-0.7254713773727417,0.05768890263715136,WSN
1.0,0.4748774766921997,-0.6621379256248474,0.999348287232946,reaEGC
1.0,0.2860929667949676,-0.6680132746696472,0.9976220431424206,MCG
1.0,0.6177665591239929,-0.7406395077705383,0.6687971988953862,WSN
1.0,0.5639035105705261,-0.6864098906517029,0.022340739558847918,reaEGC
1.0,0.6418639421463013,-0.7369087934494019,0.9905438046716964,WSN
1.0,0.6091816425323486,-0.7553357481956482,-0.11178832713974972,WSN
1.0,0.5647072792053223,-0.7234033942222595,0.9631441401342461,reaEGC
1.0,0.44715416431427,-0.6497650146484375,0.28506488706005273,reaEGC
1.0,0.5337427854537964,-0.7226315140724182,-0.5780419219381406,reaEGC
1.0,0.414674162864685,-0.6912255883216858,0.9964564085920535,reaEGC
1.0,0.2524992525577545,-0.6737444400787354,0.9593977151901616,MCG
1.0,0.3277194499969482,-0.6950672268867493,0.593102447737667,dpEX
1.0,0.5920056104660034,-0.7351667284965515,0.05925269734192791,WSN
1.0,0.3398341536521911,-0.6816161274909973,-0.37144309155223754,dpEX
1.0,0.4356289207935333,-0.6680993437767029,-0.8847749384361245,reaEGC
1.0,0.5681402683258057,-0.7190484404563904,-0.0618499252741523,reaEGC
1.0,0.380501389503479,-0.6840423345565796,0.4444536929640133,dpEX
1.0,0.3030777871608734,-0.6726365685462952,0.8924275789085273,dpEX
1.0,0.3255211412906647,-0.6820617318153381,0.9514285817430936,dpEX
1.0,0.4270004630088806,-0.6789900660514832,-0.7557307708026031,reaEGC
1.0,0.5634472370147705,-0.719635546207428,-0.4687553811928944,ribEGC
1.0,0.455410748720169,-0.6733055710792542,0.9999928242750671,reaEGC
1.0,0.3608920872211456,-0.6957898736000061,-0.012754721801265212,dpEX
1.0,0.5524342060089111,-0.7602209448814392,-0.27125134006288454,WSN
1.0,0.3401867747306824,-0.6928079724311829,0.6648534048825967,dpEX
1.0,0.4673786163330078,-0.6734462380409241,0.35701579982637804,reaEGC
1.0,0.4201374053955078,-0.6794633865356445,-0.9759407007221788,reaEGC
1.0,0.6309345364570618,-0.742165744304657,0.9697006284391861,WSN
1.0,0.3047965466976166,-0.661583423614502,-0.2720612881528281,mpEX
1.0,0.6485888361930847,-0.7409038543701172,0.8434630764605192,WSN
1.0,0.604533851146698,-0.7464139461517334,0.9677200261349023,WSN
1.0,0.4591984152793884,-0.6741953492164612,0.6163640471551736,reaEGC
1.0,0.5407280325889587,-0.745921790599823,-0.8145114539483349,WSN
1.0,0.5410645008087158,-0.75376957654953,-0.9955515987865714,WSN
1.0,0.4194646179676056,-0.6855707168579102,-0.6095698943692855,reaEGC
1.0,0.1549194008111953,-0.6681734323501587,0.7473595458566712,MCG
1.0,0.2697027623653412,-0.6812308430671692,0.9394054867579736,MCG
1.0,0.6840436458587646,-0.7874157428741455,0.6521208338875815,MCG
1.0,0.3178599774837494,-0.6846311688423157,-0.4237050432130564,dpEX
1.0,0.552464485168457,-0.7257582545280457,-0.1821760546761209,reaEGC
1.0,0.2435596883296966,-0.6722256541252136,-0.6057687376308479,MCG
1.0,0.5241407155990601,-0.7436235547065735,0.5551467093994601,reaEGC
1.0,0.281234472990036,-0.6862614750862122,-0.1950133315791006,cckIN
1.0,0.4749280214309692,-0.6745159029960632,0.9561616855079358,reaEGC
1.0,0.6045633554458618,-0.7422960996627808,0.9862546448044248,WSN
1.0,0.4227167963981628,-0.7001195549964905,-0.9999575989991912,reaEGC
1.0,0.6291399598121643,-0.7830521464347839,0.9895740492047246,WSN
1.0,0.288539856672287,-0.7105294466018677,-0.12217668235223202,MCG
1.0,0.3783245086669922,-0.7105498909950256,0.8410230555384944,dpEX
1.0,0.2935869097709656,-0.6803027987480164,0.9307319790984403,sstIN
1.0,0.344649076461792,-0.705447793006897,-0.6068145311881181,dpEX
1.0,0.5430190563201904,-0.7601539492607117,-0.6559530943133142,reaEGC
1.0,0.5636199712753296,-0.7607316374778748,0.7074039743778062,reaEGC
1.0,0.3993075489997864,-0.6963615417480469,-0.9900127483505462,reaEGC
1.0,0.5838540196418762,-0.7615621089935303,0.9978794272703221,WSN
1.0,0.4370820522308349,-0.6954401135444641,-0.8478539805154899,reaEGC
1.0,0.5593718886375427,-0.7430792450904846,-0.5159173868591206,reaEGC
1.0,0.2853884100914001,-0.6829960942268372,-0.09521280015696404,sstIN
1.0,0.5408753752708435,-0.7323288321495056,-0.7767653120600068,reaEGC
1.0,0.677499532699585,-0.7679314017295837,0.999624983529356,WSN
1.0,0.6182987093925476,-0.791472852230072,0.9603207895486358,WSN
1.0,0.3435885906219482,-0.7023364901542664,-0.3586873098468624,dpEX
1.0,0.3329790830612182,-0.7195572257041931,0.7695973874698824,dpEX
1.0,0.527922511100769,-0.7508301138877869,-0.6568952421815625,reaEGC
1.0,0.4056664109230041,-0.7063246369361877,-0.9658440312354546,reaEGC
1.0,0.5483620762825012,-0.7605705857276917,-0.9399778126065774,reaEGC
1.0,0.3950949311256408,-0.7072873711585999,-0.8614965002897932,MCG
1.0,0.5630055069923401,-0.7713053822517395,-0.9157165877216342,WSN
1.0,0.5644307732582092,-0.744399905204773,-0.4669737306905446,reaEGC
1.0,0.5328967571258545,-0.7567709684371948,-0.8735520395655546,reaEGC
1.0,0.2923106849193573,-0.7081358432769775,0.9798981988881273,MCG
1.0,0.4685313403606415,-0.6961389183998108,0.636390511465543,reaEGC
1.0,0.4333021938800812,-0.7125046849250793,-0.9425767768249074,reaEGC
1.0,0.3820091187953949,-0.7140567898750305,-0.9890844702341245,MCG
1.0,0.6879462003707886,-0.7864913940429688,0.9958240693935836,MCG
1.0,0.3180782496929168,-0.7040742635726929,0.32306144096566775,mpEX
1.0,0.5835756659507751,-0.786121666431427,0.9512607234162945,WSN
1.0,0.3429600596427917,-0.7059615850448608,-0.31644520980080487,dpEX
1.0,0.2786512970924377,-0.7050262093544006,-0.06410610189877959,MCG
1.0,0.6158474087715149,-0.7738926410675049,0.7167089913855824,WSN
1.0,0.4623384773731231,-0.7099011540412903,-0.024339885811061255,reaEGC
1.0,0.4278036653995514,-0.7059234976768494,-0.9988982864056083,reaEGC
1.0,0.5444194078445435,-0.7437519431114197,-0.5130622619826094,reaEGC
1.0,0.3636589050292969,-0.7349507212638855,-0.6782245837013186,MCG
1.0,0.5400701761245728,-0.7521273493766785,-0.9999133346332327,reaEGC
1.0,0.37807297706604,-0.7224347591400146,0.9894048463384032,dpEX
1.0,0.598835289478302,-0.7668978571891785,0.9999958413345197,WSN
1.0,0.3806513249874115,-0.7322993874549866,-0.849617556121132,MCG
1.0,0.4361912310123443,-0.7264434099197388,-0.855835386063436,reaEGC
1.0,0.2553971707820892,-0.7187051177024841,0.46043959755405767,VLMC
1.0,0.613118588924408,-0.7763002514839172,0.9267843423368767,WSN
1.0,0.5434533357620239,-0.7314572930335999,-0.4921239443403335,reaEGC
1.0,0.6421340703964233,-0.7941229343414307,0.40894189465202424,MCG
1.0,0.5453987717628479,-0.7801284193992615,-0.6089756316504055,reaEGC
1.0,0.6420517563819885,-0.8128742575645447,0.9838930201861796,MCG
1.0,0.5270375609397888,-0.8144548535346985,0.9087965653462446,WSN
1.0,0.5557972192764282,-0.7841526865959167,0.07419670926741363,WSN
1.0,0.2431553602218628,-0.7128509879112244,-0.6204131707168191,mpEX
1.0,0.4155648946762085,-0.7287617325782776,-0.9930281727500097,reaEGC
1.0,0.5489963293075562,-0.7506263852119446,-0.9492182099875986,reaEGC
1.0,0.6573272943496704,-0.8130220770835876,0.981404589795982,MCG
1.0,0.5824263095855713,-0.7830858826637268,0.9945282724821428,WSN
1.0,0.5403690934181213,-0.797692060470581,-0.6069206888174415,reaEGC
1.0,0.3637357056140899,-0.7409815192222595,-0.99229191628696,dpEX
1.0,0.5620130300521851,-0.7594649195671082,0.8580983675613226,reaEGC
1.0,0.3650796711444855,-0.7184158563613892,0.9999376212645393,CMPN
1.0,0.4632591903209686,-0.7195703983306885,0.3024729884531157,reaEGC
1.0,0.470422625541687,-0.7191289067268372,-0.4303610053184245,reaEGC
1.0,0.6795015931129456,-0.7979623079299927,0.982990598660146,MCG
1.0,0.4739090800285339,-0.7052741646766663,0.6168297173774849,reaEGC
1.0,0.4019731879234314,-0.7394600510597229,-0.9590956535238249,dpEX
1.0,0.568149745464325,-0.7602840662002563,0.9065427142931508,reaEGC
1.0,0.2883625030517578,-0.731523334980011,0.9923438595556487,sstIN
1.0,0.2639961242675781,-0.7232531309127808,0.2514014288570252,MCG
1.0,0.5674076080322266,-0.8013432621955872,-0.01792222185832736,WSN
1.0,0.6427132487297058,-0.8029196858406067,0.9861843760208431,MCG
1.0,0.5264647006988525,-0.7769654393196106,0.737919269603155,reaEGC
1.0,0.4247167110443115,-0.7370555996894836,-0.7904103096772926,reaEGC
1.0,0.2897751033306122,-0.7448872923851013,-0.5923801281876281,nptxEX
1.0,0.5873234868049622,-0.7791640162467957,0.995929846995366,WSN
1.0,0.3768820464611053,-0.7461864352226257,0.5783534822322176,dpEX
1.0,0.5884373784065247,-0.7932263016700745,0.8521992050178473,WSN
1.0,0.4471922218799591,-0.7334487438201904,0.48665273779841683,reaEGC
1.0,0.2528615891933441,-0.7292901277542114,0.19851069390586362,MCG
1.0,0.4720333218574524,-0.7233608961105347,-0.4878244666549942,reaEGC
1.0,0.3273057043552398,-0.7327933311462402,0.9733167316702045,dpEX
1.0,0.4303942918777466,-0.7176225781440735,-0.9999883233284578,reaEGC
1.0,0.2979506552219391,-0.7335189580917358,0.8768622762386573,sstIN
1.0,0.5562273263931274,-0.7770679593086243,-0.2602560583327434,reaEGC
1.0,0.3521950244903564,-0.7522741556167603,0.7104814286752558,mpEX
1.0,0.6499664187431335,-0.8267309665679932,0.9599982664621147,MCG
1.0,0.5833277106285095,-0.789310872554779,0.7798430263402935,WSN
1.0,0.5770182609558105,-0.7801194787025452,0.9644216661916958,reaEGC
1.0,0.546646237373352,-0.7935877442359924,-0.7503895080607348,reaEGC
1.0,0.6555160284042358,-0.8149612545967102,0.9974469523431774,MCG
1.0,0.5442942380905151,-0.7688645124435425,-0.5861699025025592,reaEGC
1.0,0.4223220348358154,-0.7372170090675354,0.7764886678346319,dpEX
1.0,0.3374280929565429,-0.7300797700881958,0.10305912434313101,dpEX
1.0,0.4575527906417846,-0.7316918969154358,-0.2849500379138541,reaEGC
1.0,0.3710588812828064,-0.7468735575675964,-0.9725235860034052,dpEX
1.0,0.5454006791114807,-0.8261087536811829,-0.33156600949298626,MCG
1.0,0.614556074142456,-0.8171922564506531,0.9826625680679196,MCG
1.0,0.5283028483390808,-0.7926728129386902,0.4472771056443411,reaEGC
1.0,0.4529670476913452,-0.7285353541374207,0.13094554970863453,reaEGC
1.0,0.4665327668190002,-0.7247362732887268,0.018643151132691462,reaEGC
1.0,0.4383473396301269,-0.746738076210022,-0.050310904021000996,reaEGC
1.0,0.1864187270402908,-0.7261789441108704,-0.9941364658402484,cckIN
1.0,0.39096400141716,-0.7604091763496399,-0.2584324769208142,dpEX
1.0,0.6134891510009766,-0.8030250668525696,0.9986048308659112,MCG
1.0,0.4415156841278076,-0.740557849407196,-0.9704711455400716,reaEGC
1.0,0.5553310513496399,-0.8085611462593079,-0.14718917362143943,WSN
1.0,0.5752038955688477,-0.8066307306289673,-0.88432184113162,WSN
1.0,0.3929195404052734,-0.7644088268280029,-0.8800296015945694,dpEX
1.0,0.3372268080711365,-0.749212920665741,-0.4109732070430911,MCG
1.0,0.4040625393390655,-0.771393358707428,-0.0008997985743130664,dpEX
1.0,0.3615849614143371,-0.7536888718605042,0.8346981019958315,mpEX
1.0,0.5585653781890869,-0.79728764295578,-0.656769737833745,reaEGC
1.0,0.4431500136852264,-0.7538893818855286,-0.2650287084967657,reaEGC
1.0,0.2913158237934112,-0.7458692193031311,0.37288382375872575,MCG
1.0,0.3285873532295227,-0.7589357495307922,0.5270277688132152,mpEX
1.0,0.4384098947048187,-0.7599623799324036,-0.9980355681487113,reaEGC
1.0,0.4426565766334533,-0.7602041363716125,-0.3794429552482244,reaEGC
1.0,0.4639139175415039,-0.7533559799194336,0.39885478713180117,reaEGC
1.0,0.3921384215354919,-0.7418990135192871,-0.9347553832879856,dpEX
1.0,0.4042945504188537,-0.7543747425079346,-0.9997111074022612,cckIN
1.0,0.3043771088123321,-0.7407130599021912,0.9857892713339584,mpEX
1.0,0.2233835309743881,-0.7480421662330627,0.7390714179945109,MCG
1.0,0.2979439795017242,-0.7746312022209167,0.8095363201427302,mpEX
1.0,0.6155223846435547,-0.7821934819221497,0.9936469718704668,reaEGC
1.0,0.437847375869751,-0.7628695368766785,-0.8229297356222508,reaEGC
1.0,0.3653315901756286,-0.7657468914985657,-0.32345115979525907,MCG
1.0,0.4612554907798767,-0.7517778277397156,0.1388300307271552,reaEGC
1.0,0.5570088624954224,-0.8171011805534363,-0.7063832431959365,WSN
1.0,0.3566564917564392,-0.7713334560394287,-0.9996528384887141,MCG
1.0,0.37784343957901,-0.7641175389289856,-0.9407363954630322,dpEX
1.0,0.3676072359085083,-0.7691230177879333,-0.9327465043036965,MCG
1.0,0.4163902401924133,-0.7912213206291199,-0.9472189497523946,dpEX
1.0,0.4811833500862121,-0.7592913508415222,0.9767294273530924,reaEGC
1.0,0.4691982269287109,-0.7579469680786133,0.9864124571350547,reaEGC
1.0,0.5162520408630371,-0.7506567239761353,0.8094299382617721,reaEGC
1.0,0.4267473816871643,-0.7717552781105042,0.1875818429242123,reaEGC
1.0,0.4565777778625488,-0.7683543562889099,-0.9998335499332309,reaEGC
1.0,0.3238290846347809,-0.7602390050888062,0.06216280669262639,CMPN
1.0,0.3725984096527099,-0.7843015789985657,-0.7289160565810922,MCG
1.0,0.2748099565505981,-0.7565847039222717,0.9643324572655197,MCG
1.0,0.3360985517501831,-0.7783923745155334,0.9865213796981004,MCG
1.0,0.4406498670578003,-0.7915690541267395,0.8263458039771764,dpEX
1.0,0.2453680336475372,-0.7561594843864441,0.2799832280706645,VLMC
1.0,0.426173985004425,-0.7815770506858826,-0.8292518802105157,reaEGC
1.0,0.3995611667633056,-0.7865710258483887,-0.4627576332782375,dpEX
1.0,0.4349835515022278,-0.8004011511802673,-0.7145545631024989,reaEGC
1.0,0.4246830940246582,-0.7850050330162048,-0.8647475788327736,MCG
1.0,0.304814338684082,-0.7787954807281494,-0.20281809726106617,mpEX
1.0,0.3366475701332092,-0.7916708588600159,0.9900558909303895,mpEX
1.0,0.3207558095455169,-0.7974418997764587,0.9874933279164648,mpEX
1.0,0.335984855890274,-0.7811002731323242,0.5393314199860495,mpEX
1.0,0.4755520820617676,-0.7897737622261047,0.9545422911857553,reaEGC
1.0,0.4289257526397705,-0.7921821475028992,0.9790900142679912,reaEGC
1.0,0.3658048510551452,-0.7888476252555847,-0.1763983762574923,MCG
1.0,0.4847774505615234,-0.7675455212593079,0.9874285868296186,reaEGC
1.0,0.4462798237800598,-0.7955322265625,-0.9249467784862065,MCG
1.0,0.3213109076023102,-0.7811841368675232,-0.17966924186096783,MCG
1.0,0.4675258994102478,-0.7879320979118347,0.4142564846424248,reaEGC
1.0,0.3891322910785675,-0.8057706952095032,-0.6806245785289465,MCG
1.0,0.4610990583896637,-0.8042666912078857,-0.5132255173313364,reaEGC
1.0,0.3087457716464996,-0.7780312895774841,0.9280780366442868,MCG
1.0,0.3315246701240539,-0.8029106259346008,-0.8417679196062962,MCG
1.0,0.2098839581012725,-0.7799002528190613,0.9565898789180377,MCG
1.0,0.2789074778556824,-0.793743371963501,0.12577112541652996,MCG
1.0,0.4433517456054687,-0.7999011874198914,-0.8064398256289302,MCG
1.0,0.4865829944610595,-0.779914915561676,0.9977107163083081,reaEGC
1.0,0.4852180778980255,-0.8079071640968323,0.9910520473891657,reaEGC
1.0,0.3836149871349334,-0.8050763010978699,-0.9395030926893867,MCG
1.0,0.3440400660037994,-0.8103803992271423,-0.24102413878606296,MCG
1.0,0.4675166010856628,-0.7920278906822205,0.9488379458728536,reaEGC
1.0,0.4625082314014435,-0.7994617819786072,0.891154041550066,reaEGC
1.0,0.3769489824771881,-0.808986246585846,0.19802526709847001,sstIN
1.0,0.4487782418727875,-0.8159210085868835,-0.7456260158797487,reaEGC
1.0,0.4325782656669616,-0.8213643431663513,-0.9879862683048752,MCG
1.0,0.4772909283638,-0.8268681168556213,0.9602272368866432,reaEGC
1.0,0.3604635000228882,-0.817027747631073,-0.9924840243750437,MCG
1.0,0.4602712094783783,-0.8048012852668762,-0.8208469780257049,reaEGC
1.0,0.4371019601821899,-0.8105977177619934,-0.5392415879937142,reaEGC
1.0,0.4040823578834533,-0.8113935589790344,-0.9618794893507299,MCG
1.0,0.3349983096122741,-0.8148254156112671,-0.9814440489572531,MCG
1.0,0.4647529125213623,-0.819637656211853,0.8656219226513212,reaEGC
1.0,0.4404579997062683,-0.8143693804740906,-0.9601376680260981,reaEGC
1.0,0.3592771291732788,-0.8356718420982361,-0.751862355087656,MCG
1.0,0.4683566391468048,-0.8142945766448975,0.9707727956520773,reaEGC
1.0,0.4392539858818054,-0.8351088166236877,-0.9738548850932505,reaEGC
1.0,0.4117553830146789,-0.8434063792228699,-0.9842533238778602,MCG
1.0,0.491729736328125,-0.8202215433120728,0.982371584226983,reaEGC
1.0,0.3760211765766144,-0.8085818290710449,-0.49570818221842444,WSN
1.0,0.4635215401649475,-0.8299302458763123,0.8802854154003714,reaEGC
1.0,0.3317975401878357,-0.8185045123100281,0.8449613608701279,WSN
1.0,0.5066416263580322,-0.8050790429115295,0.9014382708537547,reaEGC
1.0,0.3615021109580993,-0.8367391228675842,-0.5813806803782622,WSN
1.0,0.4552946090698242,-0.8294091820716858,-0.9959720137232875,WSN
1.0,0.4581226706504822,-0.8502565026283264,-0.9916431037644867,reaEGC
1.0,0.4518036842346191,-0.8363044857978821,-0.8846909843423222,reaEGC
1.0,0.4008034467697143,-0.8321384191513062,-0.8750989556370719,WSN
1.0,0.3918875753879547,-0.845686137676239,-0.9728301479942983,WSN
1.0,0.4532684087753296,-0.8467782735824585,-0.9992099210096057,MCG
1.0,0.32717165350914,-0.8222221732139587,0.9016260407974725,MCG
1.0,0.352638840675354,-0.8447930812835693,-0.9988670833711114,MCG
1.0,0.3940167427062988,-0.8546826243400574,-0.971318306147118,WSN
1.0,0.379648745059967,-0.8588477969169617,0.6246302177232188,WSN
1.0,0.4464688301086426,-0.8466694951057434,-0.9997888655058724,MCG
1.0,0.3596640825271606,-0.8428576588630676,-0.8668274027893722,MCG
1.0,0.3765133917331695,-0.839668333530426,-0.9584637213811257,MCG
1.0,0.3268706500530243,-0.8476793169975281,-0.6808696116720003,VLMC
